action,gbifID,occurrenceID,dateIdentified,decimalLatitude,decimalLongitude,country,countryCode,eventDate,year,family,identifiedBy,institutionCode,collectionCode,catalogNumber,recordedBy,scientificName,typeStatus
recorded,1804500544,8bddbfbb-6ee2-ee24-fdb3-36c0b2093c28,,-16.3295,46.804389,Madagascar,MG,2012-11-05,,,,CMN,CAN,CAN 603611,"Gillespie, Lynn J.; Levin, Geoffery A.; Andriatiana, J.; Cardinal-McTeague, Warren; Andriamasy, R.",Croton,
recorded,1804550114,be2e6a12-6fbd-fbd4-8b82-bf439da1a011,2016,-16.335306,46.789278,Madagascar,MG,2012-11-05,,,"Haevermans, Thomas",CMN,CAN,CAN 603522,"Gillespie, Lynn J.; Levin, Geoffery A.; Andriatiana, J.; Cardinal-McTeague, Warren; Andriamasy, R.",Euphorbia ankaranae,
recorded,1804549963,bdf4a400-c366-3664-43a2-4297e6a71dd9,,-16.308611,46.819583,Madagascar,MG,2012-11-04,,,,CMN,CAN,CAN 603512,"Gillespie, Lynn J.; Levin, Geoffery A.; Andriatiana, J.; Cardinal-McTeague, Warren; Andriamasy, R.",Alchornea perrieri Leandri,
recorded,1804454795,5d1e8cce-241b-41b4-4f8d-b41109b52249,,-16.313556,46.811722,Madagascar,MG,2012-11-05,,,,CMN,CAN,CAN 603573,"Gillespie, Lynn J.; Levin, Geoffery A.; Andriatiana, J.; Cardinal-McTeague, Warren; Andriamasy, R.",Sclerocroton melanostictus (Baill.) Kruijt & Roebers,
recorded,1804586699,e2edf357-02ee-2ee4-89a4-2483d69efa9a,,-16.333306,46.792806,Madagascar,MG,2012-11-05,,,,CMN,CAN,CAN 603516,"Gillespie, Lynn J.; Levin, Geoffery A.; Andriatiana, J.; Cardinal-McTeague, Warren; Andriamasy, R.",Euphorbia,
recorded,1804582711,dec61d63-0c1f-c1f4-a3be-ca2388d1e408,2016,-16.323944,46.805639,Madagascar,MG,2012-11-05,,,"Haevermans, Thomas",CMN,CAN,CAN 603523,"Gillespie, Lynn J.; Levin, Geoffery A.; Andriatiana, J.; Cardinal-McTeague, Warren; Andriamasy, R.",Euphorbia pedilanthoides,
recorded,1804364223,00bd06bf-9490-4904-71a8-ba9f80dfb7c5,2017-10-18,-14.062222,48.264167,Madagascar,MG,2012-10-23,,,"Gillespie, Lynn J.",CMN,CAN,CAN 10009724,"Gillespie, Lynn J.; Levin, Geoffery; Cardinal-McTeague, Warren; Andriatiana, J.",Argomuellera gillespieae,isotype
recorded,1804552633,c0b6e793-cdee-dee4-6687-04f40816055c,,-15.671028,49.973611,Madagascar,MG,2012-11-14,,,,CMN,CAN,CAN 603565,"Gillespie, Lynn J.; Levin, Geoffery A.; Razanatsoa, J.; Cardinal-McTeague, Warren; Jaotody","Pyrenacantha perrieri Labat, El-Achkar & R. Rabev.",
recorded,1804441663,4faf7854-6ab8-ab84-e49f-060924e8b001,,-15.670306,49.968583,Madagascar,MG,2012-11-14,,,,CMN,CAN,CAN 603560,"Gillespie, Lynn J.; Levin, Geoffery A.; Razanatsoa, J.; Cardinal-McTeague, Warren; Jaotody","Pyrenacantha perrieri Labat, El-Achkar & R. Rabev.",
recorded,1804475092,71b35efc-5de6-de64-6e8d-fa3ea963bbbb,,-15.672167,49.96525,Madagascar,MG,2012-11-13,,,,CMN,CAN,CAN 603561,"Gillespie, Lynn J.; Levin, Geoffery A.; Razanatsoa, J.; Cardinal-McTeague, Warren; Jaotody","Pyrenacantha perrieri Labat, El-Achkar & R. Rabev.",
recorded,1804373137,09b75180-7708-7084-8ea0-cb377a5e68fb,,-15.631611,49.981,Madagascar,MG,2012-11-11,,,,CMN,CAN,CAN 603510,"Gillespie, Lynn J.; Levin, Geoffery A.; Razanatsoa, J.; Cardinal-McTeague, Warren; Jaotody",,
recorded,1804568164,d03780d3-e221-2214-0791-eea4431a5a8f,,-15.67275,49.964778,Madagascar,MG,2012-11-14,,,,CMN,CAN,CAN 603580,"Gillespie, Lynn J.; Levin, Geoffery A.; Razanatsoa, J.; Cardinal-McTeague, Warren; Jaotody",Meineckia trichogynis (Baill.) G.L.Webster,
recorded,1804584141,e058b2c6-29a5-9a54-399b-3ce873d6fcbc,,-15.632472,49.815583,Madagascar,MG,2012-11-11,,,,CMN,CAN,CAN 603563,"Gillespie, Lynn J.; Levin, Geoffery A.; Razanatsoa, J.; Cardinal-McTeague, Warren; Jaotody","Pyrenacantha perrieri Labat, El-Achkar & R. Rabev.",
recorded,1804429622,4372f878-d9df-9df4-fd9e-319a892acd83,,-15.670194,49.977778,Madagascar,MG,2012-11-14,,,,CMN,CAN,CAN 603538,"Gillespie, Lynn J.; Levin, Geoffery A.; Razanatsoa, J.; Cardinal-McTeague, Warren; Jaotody",Claoxylon,
recorded,1804572164,d43ce90e-71ac-1ac4-439a-e4915dfd75f8,,-15.632472,49.815583,Madagascar,MG,2012-11-11,,,,CMN,CAN,CAN 603564,"Gillespie, Lynn J.; Levin, Geoffery A.; Razanatsoa, J.; Cardinal-McTeague, Warren; Jaotody","Pyrenacantha perrieri Labat, El-Achkar & R. Rabev.",
recorded,1804536950,b0c87b24-8a27-a274-efb9-ba76d9b89938,2015,-15.681278,49.957306,Madagascar,MG,2012-11-13,,,"Berry, Paul E.",CMN,CAN,CAN 603609,"Gillespie, Lynn J.; Levin, Geoffery A.; Razanatsoa, J.; Cardinal-McTeague, Warren; Jaotody",Croton glomeratus,
recorded,1804502149,8d82a7d2-e0bf-0bf4-00ae-02b243ebc4cf,,-15.580417,49.984194,Madagascar,MG,2012-11-12,,,,CMN,CAN,CAN 603562,"Gillespie, Lynn J.; Levin, Geoffery A.; Razanatsoa, J.; Cardinal-McTeague, Warren; Jaotody","Pyrenacantha perrieri Labat, El-Achkar & R. Rabev.",
recorded,1804492546,8380bbd6-47f3-7f34-4ebf-b54c76b11095,,-15.67275,49.964778,Madagascar,MG,2012-11-14,,,,CMN,CAN,CAN 603581,"Gillespie, Lynn J.; Levin, Geoffery A.; Razanatsoa, J.; Cardinal-McTeague, Warren; Jaotody",Meineckia trichogynis (Baill.) G.L.Webster,
recorded,1804606089,f68682f3-6895-8954-9aac-d3cc0b4f3267,2016,-15.674556,49.964472,Madagascar,MG,2012-11-13,,,"Haevermans, Thomas",CMN,CAN,CAN 603520,"Gillespie, Lynn J.; Levin, Geoffery A.; Razanatsoa, J.; Cardinal-McTeague, Warren; Jaotody",Euphorbia boivinii,
recorded,1804606096,f6871dec-a42a-42a4-298e-e54ba4322535,,-15.670306,49.968583,Madagascar,MG,2012-11-14,,,,CMN,CAN,CAN 603557,"Gillespie, Lynn J.; Levin, Geoffery A.; Razanatsoa, J.; Cardinal-McTeague, Warren; Jaotody","Pyrenacantha perrieri Labat, El-Achkar & R. Rabev.",
recorded,1804519435,9f03c0bf-69a8-9a84-a1bb-ae9bfcc5446e,2015,-15.631139,49.979028,Madagascar,MG,2012-11-11,,,"Berry, Paul E.",CMN,CAN,CAN 603610,"Gillespie, Lynn J.; Levin, Geoffery A.; Razanatsoa, J.; Cardinal-McTeague, Warren; Jaotody",Croton glomeratus,
recorded,1804590672,e6cdb4a2-400c-00c4-938d-bba5474db835,,-13.158722,49.669056,Madagascar,MG,2012-10-30,,,,CMN,CAN,CAN 603513,"Gillespie, Lynn J.; Levin, Geoffery A.; Andriatiana, J.; Cardinal-McTeague, Warren",Alchornea alnifolia (Bojer ex Baill.) Pax & K. Hoffm.,
recorded,1804433232,471a0760-1e5a-e5a4-baa2-15a64d530038,,-14.030806,48.247944,Madagascar,MG,2012-10-22,,,,CMN,CAN,CAN 603615,"Gillespie, Lynn J.; Levin, Geoffery A.; Andriatiana, J.; Cardinal-McTeague, Warren",Croton,
recorded,1804575427,d78fba1d-6591-5914-eab7-eb19e2969cf5,,-13.591611,49.989417,Madagascar,MG,2012-10-27,,,,CMN,CAN,CAN 603614,"Gillespie, Lynn J.; Levin, Geoffery A.; Andriatiana, J.; Cardinal-McTeague, Warren",Cladogelonium madagascariense Leandri,
recorded,1804420712,3a4f36ba-4107-1074-2db0-625b49a702af,,-13.591611,49.989417,Madagascar,MG,2012-10-27,,,,CMN,CAN,CAN 603617,"Gillespie, Lynn J.; Levin, Geoffery A.; Andriatiana, J.; Cardinal-McTeague, Warren",Cladogelonium madagascariense Leandri,
recorded,1804516098,9b9815a7-b92a-92a4-b28b-cd7e1324c406,,-13.597472,49.999028,Madagascar,MG,2012-10-26,,,,CMN,CAN,CAN 603539,"Gillespie, Lynn J.; Levin, Geoffery A.; Andriatiana, J.; Cardinal-McTeague, Warren",Amyrea gracillima Radcl.-Sm.,
recorded,1804564358,cc6e6d2e-55f7-5f74-0b82-19b36154df1d,,-14.07525,48.106806,Madagascar,MG,2012-10-21,,,,CMN,CAN,CAN 603585,"Gillespie, Lynn J.; Levin, Geoffery A.; Andriatiana, J.; Cardinal-McTeague, Warren",Croton,
recorded,1804499280,8a7f4735-2263-2634-a4b8-7d61a5f95045,2013-07-16,-14.060861,48.260139,Madagascar,MG,2012-10-23,,,"McPherson, Gordon",CMN,CAN,CAN 603554,"Gillespie, Lynn J.; Levin, Geoffery A.; Andriatiana, J.; Cardinal-McTeague, Warren",Rinorea,
recorded,1804409258,2e95dbed-ce59-e594-059f-de6c7646c5c0,2013-07-16,-14.062222,48.264167,Madagascar,MG,2012-10-23,,,"McPherson, Gordon",CMN,CAN,CAN 603552,"Gillespie, Lynn J.; Levin, Geoffery A.; Andriatiana, J.; Cardinal-McTeague, Warren",Rinorea,
recorded,1804536506,b061d1f6-52e1-2e14-56a2-761a95e47226,,-12.923,49.085778,Madagascar,MG,2012-11-02,,,,CMN,CAN,CAN 603612,"Gillespie, Lynn J.; Levin, Geoffery A.; Andriatiana, J.; Cardinal-McTeague, Warren",Croton,
recorded,1804572215,d44c2b9f-2e2b-e2b4-6b96-59ca0c32b0f5,,-13.591917,49.989667,Madagascar,MG,2012-10-26,,,,CMN,CAN,CAN 603616,"Gillespie, Lynn J.; Levin, Geoffery A.; Andriatiana, J.; Cardinal-McTeague, Warren",Cladogelonium madagascariense Leandri,
recorded,1804604316,f4a39527-70f8-0f84-de82-42ac8b96de2e,,-13.598806,49.998972,Madagascar,MG,2012-10-26,,,,CMN,CAN,CAN 603540,"Gillespie, Lynn J.; Levin, Geoffery A.; Andriatiana, J.; Cardinal-McTeague, Warren",Amyrea gracillima Radcl.-Sm.,
recorded,1804611808,fc2ef4a4-6679-6794-8cb6-a5aae10f87c4,2013-07-16,-14.060861,48.260139,Madagascar,MG,2012-10-23,,,"McPherson, Gordon",CMN,CAN,CAN 603553,"Gillespie, Lynn J.; Levin, Geoffery A.; Andriatiana, J.; Cardinal-McTeague, Warren",Rinorea,
recorded,1804572688,d4b4de2b-8e5a-e5a4-0384-cd56b76a5581,2017-10-18,-13.591917,49.989667,Madagascar,MG,2012-10-26,,,"Gillespie, Lynn J.",CMN,CAN,CAN 10009797,"Gillespie, Lynn J.; Levin, Geoffery A.; Andriatiana, J.; Cardinal-McTeague, Warren",Argomuellera longistipula,isotype
recorded,1804476110,72cb358f-cc4c-c4c4-43bc-f82dd532bdda,,-14.057333,48.257111,Madagascar,MG,2012-10-23,,,,CMN,CAN,CAN 603555,"Gillespie, Lynn J.; Levin, Geoffery A.; Andriatiana, J.; Cardinal-McTeague, Warren",Celtis,
recorded,1804422800,3c6a8b47-cf94-f944-ebbc-4ed9016aec54,,-13.158722,49.669056,Madagascar,MG,2012-10-30,,,,CMN,CAN,CAN 603514,"Gillespie, Lynn J.; Levin, Geoffery A.; Andriatiana, J.; Cardinal-McTeague, Warren",Alchornea alnifolia (Bojer ex Baill.) Pax & K. Hoffm.,
recorded,1804424891,3e9e1d19-0e56-e564-bd8e-dabdcee699fc,,-12.3235,49.337778,Madagascar,MG,2012-10-31,,,,CMN,CAN,CAN 603589,"Gillespie, Lynn J.; Levin, Geoffery A.; Andriatiana, J.; Cardinal-McTeague, Warren",Croton,
recorded,1804381669,129ae9d1-9161-1614-dda2-b6a107e23784,2016,-13.591917,49.989667,Madagascar,MG,2012-10-26,,,"Haevermans, Thomas",CMN,CAN,CAN 603528,"Gillespie, Lynn J.; Levin, Geoffery A.; Andriatiana, J.; Cardinal-McTeague, Warren",Euphorbia robivelonae,
recorded,1804463648,6632e464-4060-0604-3f8c-4a3e17d3c716,2013-07-16,-14.060861,48.260139,Madagascar,MG,2012-10-23,,,"McPherson, Gordon; Levin, Geoffery A.; Gillespie, Lynn J.",CMN,CAN,CAN 603550,"Gillespie, Lynn J.; Levin, Geoffery A.; Andriatiana, J.; Cardinal-McTeague, Warren",Amyrea,
recorded,1804601291,f1937594-095a-95a4-dead-21c1f5d84ca0,2016,-12.917694,49.095944,Madagascar,MG,2012-11-02,,,"Haevermans, Thomas",CMN,CAN,CAN 603526,"Gillespie, Lynn J.; Levin, Geoffery A.; Andriatiana, J.; Cardinal-McTeague, Warren",Euphorbia ankaranae,
recorded,1804605864,f63c856e-1667-6674-42aa-6122af660493,2016,-12.918,49.095806,Madagascar,MG,2012-11-02,,,"Haevermans, Thomas",CMN,CAN,CAN 603525,"Gillespie, Lynn J.; Levin, Geoffery A.; Andriatiana, J.; Cardinal-McTeague, Warren",Euphorbia ankarensis,
recorded,1804414976,3458a6f4-2c4e-c4e4-0184-ffe5630a50f7,2017-10-18,-13.598806,49.998972,Madagascar,MG,2012-10-26,,,"Gillespie, Lynn J.",CMN,CAN,CAN 10009726,"Gillespie, Lynn J.; Levin, Geoffery A.; Andriatiana, J.; Cardinal-McTeague, Warren",Argomuellera longistipula,isotype
recorded,1804608071,f886bfac-855b-55b4-86a1-f2a5d7926520,2016,-13.591611,49.989417,Madagascar,MG,2012-10-27,,,"Haeverman, Thomas",CMN,CAN,CAN 603524,"Gillespie, Lynn J.; Levin, Geoffery A.; Andriatiana, J.; Cardinal-McTeague, Warren",Euphorbia robivelonae,
recorded,1804423650,3d51decb-6b62-b624-e8a5-38b6c1a4e143,,-15.776278,50.026417,Madagascar,MG,2012-11-15,,,,CMN,CAN,CAN 603551,"Gillespie, Lynn J.; Levin, Geoffery A.; Razanatsoa, J.; Cardinal-McTeague, Warren",,
recorded,1804585671,e1e6ca16-fccd-ccd4-55aa-ec39366d6bb0,,-15.778194,50.025889,Madagascar,MG,2012-11-15,,,,CMN,CAN,CAN 603608,"Gillespie, Lynn J.; Levin, Geoffery A.; Razanatsoa, J.; Cardinal-McTeague, Warren",Croton,
recorded,1804488765,7fa297d5-655c-55c4-049b-5cda15722ce6,2016,-15.325667,49.850111,Madagascar,MG,2012-11-17,,,"Haevermans, Thomas",CMN,CAN,CAN 603527,"Gillespie, Lynn J.; Levin, Geoffery A.; Razanatsoa, J.; Cardinal-McTeague, Warren",Euphorbia boivinii,
recorded,1804404532,29c531df-6a07-a074-8bba-dd7fc36630ae,,-15.776472,50.026194,Madagascar,MG,2012-11-15,,,,CMN,CAN,CAN 603604,"Gillespie, Lynn J.; Levin, Geoffery A.; Razanatsoa, J.; Cardinal-McTeague, Warren",Croton,
recorded,1804598703,ef05dcad-a831-8314-9fa9-4e11c754b1ca,,-13.092083,49.582861,Madagascar,MG,2012-10-28,,,,CMN,CAN,CAN 603548,"Gillespie, Lynn J.; Levin, Geoffery A.; Andriatiana, J.; Cardinal-McTeague, Warren; Souleimany, A.",Physena sessiliflora  Tul.,
identified,1144789609,,,-12.46167,49.13139,Madagascar,MG,2012-01-01,,Euphorbiaceae,"Cardinal-McTeague, W. M. (2014)",G,Geneva Herbarium – General Collection (G),G-G-329894/1,"Nusbaumer, L. P. G., C. H. Randimbiarison & S. D. Ramandimbimanana",Tragia furialis Prain,
identified,1144789636,,,-18.99972,46.76611,Madagascar,MG,1840-02-10,,Euphorbiaceae,"Cardinal-McTeague, W. M. (2014)",G,Geneva Herbarium – General Collection (G),G-G-351626/1,"Goudot, J. P. (Coll. Delessert)",Tragia lassia Radcl.-Sm. & Govaerts,Holotype
identified,1423895104,urn:catalog:JBRJ:RB:102332,10/6/2015,,,Brasil,BR,19/10/1969,,Euphorbiaceae,D.Medeiros; W. Cardinal-McTeague,JBRJ,RB,RB00102332,J A de Jesus,Tragia volubilis L.,
identified,1423897020,urn:catalog:JBRJ:RB:103902,10/6/2015,,,Brasil,BR,10/11/1971,,Euphorbiaceae,D.Medeiros; W. Cardinal-McTeague,JBRJ,RB,RB00103902,D Sucre,Tragia volubilis L.,
identified,1423894991,urn:catalog:JBRJ:RB:102019,10/6/2015,,,Brasil,BR,15/01/1964,,Euphorbiaceae,D.Medeiros; W. Cardinal-McTeague,JBRJ,RB,RB00102019,E Pereira,Tragia volubilis L.,
identified,1423898606,urn:catalog:JBRJ:RB:105176,10/6/2015,,,Brasil,BR,19/10/1969,,Euphorbiaceae,D.Medeiros; W. Cardinal-McTeague,JBRJ,RB,RB00105176,José A de Jesus,Tragia volubilis L.,
identified,1423897975,urn:catalog:JBRJ:RB:104815,10/6/2015,,,Indeterminado,,,,Euphorbiaceae,D.Medeiros; W. Cardinal-McTeague,JBRJ,RB,RB00104815,Geraldo Pinto,Tragia volubilis L.,
identified,1423894203,urn:catalog:JBRJ:RB:101512,10/6/2015,,,Brasil,BR,,,Euphorbiaceae,D.Medeiros; W. Cardinal-McTeague,JBRJ,RB,RB00101512,Brade,Tragia volubilis L.,
identified,1423899539,urn:catalog:JBRJ:RB:106251,10/6/2015,,,Brasil,BR,09/07/1924,,Euphorbiaceae,D.Medeiros; W. Cardinal-McTeague,JBRJ,RB,RB00106251,Dionisio,Tragia volubilis L.,
identified,1423899541,urn:catalog:JBRJ:RB:106060,10/6/2015,,,Brasil,BR,15/11/1923,,Euphorbiaceae,D.Medeiros & W. Cardinal-McTeague,JBRJ,RB,RB00106060,J G Kuhlmann,Tragia volubilis L.,
identified,1258801994,urn:catalog:MO:Tropicos:157104,2015,-3.4166667,-72.7500000,Peru,PE,,,Euphorbiaceae,Warren Cardinal-McTeague (CAN),MO,MO,157104,Camilo Díaz S.|Hulda Osores|Nestor Jaramillo,Plukenetia polyadenia Müll. Arg.,
identified,1260331702,urn:catalog:MO:Tropicos:2964135,2015,,,Brazil,BR,,,Euphorbiaceae,Warren Cardinal-McTeague (CAN),MO,MO,2964135,Benedito V. Rabelo|R. Nonato|H.P. Belo,Plukenetia polyadenia Müll. Arg.,
identified,1258650129,urn:catalog:MO:Tropicos:142366,2015,-2.3333333,-76.3333333,Peru,PE,,,Euphorbiaceae,Warren Cardinal-McTeague (CAN),MO,MO,142366,Walter H. Lewis|Memory Elvin-Lewis|José Campos de la Cruz|Daniel Fast,Plukenetia polyadenia Müll. Arg.,
identified,1258706562,urn:catalog:MO:Tropicos:148399,2015,-3.8333300,-73.4166600,Peru,PE,,,Euphorbiaceae,Warren Cardinal-McTeague (CAN),MO,MO,148399,Alwyn H. Gentry|Rodolfo Vásquez|Nestor Jaramillo,Plukenetia polyadenia Müll. Arg.,
identified,1258665914,urn:catalog:MO:Tropicos:1438545,2015,-3.8333300,-73.5000000,Peru,PE,,,Euphorbiaceae,Warren Cardinal-McTeague (CAN),MO,MO,1438545,Alwyn H. Gentry|James Aronson,Plukenetia polyadenia Müll. Arg.,
identified,1258775112,urn:catalog:MO:Tropicos:154579,2015,-11.3500000,-74.5666600,Peru,PE,,,Euphorbiaceae,Warren Cardinal-McTeague (CAN),MO,MO,154579,Felix Woytkowski,Plukenetia polyadenia Müll. Arg.,
identified,1258623833,urn:catalog:MO:Tropicos:139978,2015,-4.0358333,-77.7441666,Peru,PE,,,Euphorbiaceae,Warren Cardinal-McTeague (CAN),MO,MO,139978,Victor Huashikat,Plukenetia polyadenia Müll. Arg.,
identified,1258612510,urn:catalog:MO:Tropicos:138945,2015,-22.6500000,-56.0500000,Paraguay,PY,,,Euphorbiaceae,Warren M. Cardinal-McTeague (CAN),MO,MO,138945,James C. Solomon|Milan Vavrek|Lidia Pérez de Molas|Esmerio Gonzalez|Reinilda Duré,Romanoa tamnoides (A. Juss.) Radcl.-Sm.,
identified,1258339805,urn:catalog:MO:Tropicos:1127483,2015,-22.6958333,-55.9880555,Paraguay,PY,,,Euphorbiaceae,Warren M. Cardinal-McTeague (CAN),MO,MO,1127483,Elsa M. Zardini|W. Cardozo,Romanoa tamnoides (A. Juss.) Radcl.-Sm.,
identified,1261917989,urn:catalog:MO:Tropicos:989151,2015,,,Paraguay,PY,,,Euphorbiaceae,Warren M. Cardinal-McTeague (CAN),MO,MO,989151,Nélida Soria,Romanoa tamnoides (A. Juss.) Radcl.-Sm.,
identified,1258339498,urn:catalog:MO:Tropicos:1127215,2015,-22.7916666,-56.2869444,Paraguay,PY,,,Euphorbiaceae,Warren M. Cardinal-McTeague (CAN),MO,MO,1127215,Elsa M. Zardini|W. Cardozo,Romanoa tamnoides (A. Juss.) Radcl.-Sm.,
identified,1258339788,urn:catalog:MO:Tropicos:1127462,2015,-22.6958333,-55.9880555,Paraguay,PY,,,Euphorbiaceae,Warren M. Cardinal-McTeague (CAN),MO,MO,1127462,Elsa M. Zardini|W. Cardozo,Romanoa tamnoides (A. Juss.) Radcl.-Sm.,
identified,1257833220,urn:catalog:MO:Tropicos:100486445,2015,-1.5000000,-77.9333333,Ecuador,EC,,,Euphorbiaceae,Warren M. Cardinal-McTeague (CAN),MO,MO,100486445,Djaja D. Soejarto|Jorge Caranqui,Plukenetia polyadenia Müll. Arg.,
identified,1258617131,urn:catalog:MO:Tropicos:1393685,2015,-23.9941666,-55.4788889,Paraguay,PY,,,Euphorbiaceae,Warren M. Cardinal-McTeague (CAN),MO,MO,1393685,Elsa M. Zardini|Isabelino Chaparro,Romanoa tamnoides (A. Juss.) Radcl.-Sm.,
identified,1258339530,urn:catalog:MO:Tropicos:1127233,2015,-22.7916666,-56.2869444,Paraguay,PY,,,Euphorbiaceae,Warren M. Cardinal-McTeague (CAN),MO,MO,1127233,Elsa M. Zardini|W. Cardozo,Romanoa tamnoides (A. Juss.) Radcl.-Sm.,
identified,1258712981,urn:catalog:MO:Tropicos:148979,2015,0.0833333,-77.0833333,Ecuador,EC,,,Euphorbiaceae,Warren M. Cardinal-McTeague (CAN),MO,MO,148979,Alwyn H. Gentry,Plukenetia polyadenia Müll. Arg.,
identified,1259751362,urn:catalog:MO:Tropicos:2437499,2015,,,Panama,PA,,,Euphorbiaceae,W.M. Cardinal-McTeague (CAN),MO,MO,2437499,Narciso Bristan,Bia fendleri (Müll. Arg.) G.L. Webster,
identified,1260091907,urn:catalog:MO:Tropicos:2746281,2015,-13.1388889,-72.3044444,Peru,PE,,,Euphorbiaceae,W.M. Cardinal-McTeague (CAN),MO,MO,2746281,Luis Valenzuela|Efraín Suclli|E. Acurio|R. Bonino,Tragia volubilis L.,
identified,1258629633,urn:catalog:MO:Tropicos:1405004,2015,8.7333333,-82.2500000,Panama,PA,,,Euphorbiaceae,W.M. Cardinal-McTeague (CAN),MO,MO,1405004,James P. Folsom|Robert L. Dressler|Kerry Dressler,Zuckertia cordata Baill.,
identified,1260338286,urn:catalog:MO:Tropicos:2970072,2015,,,Brazil,BR,,,Euphorbiaceae,W.M. Cardinal-McTeague (CAN),MO,MO,2970072,Richard S. Cowan,Tragia tabulaemontana L.J. Gillespie,
identified,1258647352,urn:catalog:MO:Tropicos:142114,2015,5.1666667,9.2500000,Cameroon,CM,,,Euphorbiaceae,W.M. Cardinal-McTeague (CAN),MO,MO,142114,Duncan W. Thomas,Plukenetia conophora Müll. Arg.,
identified,1258183472,urn:catalog:MO:Tropicos:100866790,2015,,,Gabon,GA,,,Euphorbiaceae,W.M. Cardinal-McTeague (CAN),MO,MO,100866790,F.J. Breteler|Jan J.F.E. de Wilde,Plukenetia conophora Müll. Arg.,
identified,1258183492,urn:catalog:MO:Tropicos:100866797,2015,,,Central African Republic,CF,,,Euphorbiaceae,W.M. Cardinal-McTeague (CAN),MO,MO,100866797,C. Tisserant,Plukenetia conophora Müll. Arg.,
identified,1258650074,urn:catalog:MO:Tropicos:142361,2015,17.1600000,-94.7500000,Mexico,MX,,,Euphorbiaceae,W.M. Cardinal-McTeague (CAN),MO,MO,142361,Thomas B. Croat|Dylan P. Hannon,Zuckertia cordata Baill.,
identified,1260737936,urn:catalog:MO:Tropicos:3331806,2015,-13.6436111,-62.5452777,Bolivia,BO,,,Euphorbiaceae,W.M. Cardinal-McTeague (CAN),MO,MO,3331806,R.N. Ledezma,Plukenetia brachybotrya Müll. Arg.,
identified,1258608913,urn:catalog:MO:Tropicos:138624,2015,10.6833333,-83.6333333,Costa Rica,CR,,,Euphorbiaceae,W.M. Cardinal-McTeague (CAN),MO,MO,138624,W. D. Stevens|O.M. Montiel,Zuckertia cordata Baill.,
identified,1260407407,urn:catalog:MO:Tropicos:3032602,2015,-9.3166667,-76.0333333,Peru,PE,,,Euphorbiaceae,W.M. Cardinal-McTeague (CAN),MO,MO,3032602,Max Weigend,Plukenetia brachybotrya Müll. Arg.,
identified,1259864632,urn:catalog:MO:Tropicos:254023,2015,-13.5000000,-69.8333333,Peru,PE,,,Euphorbiaceae,W.M. Cardinal-McTeague (CAN),MO,MO,254023,Alwyn H. Gentry|Carlos Reynel Rodríguez|Rosa Ortiz|Percy Núñez V.,Acidoton nicaraguensis (Hemsl.) G.L. Webster,
identified,1260813227,urn:catalog:MO:Tropicos:3399811,2015,7.4572360,-76.8443400,Colombia,CO,,,Euphorbiaceae,W.M. Cardinal-McTeague (CAN),MO,MO,3399811,Dayron Cárdenas L.,Tragia volubilis L.,
identified,1258183462,urn:catalog:MO:Tropicos:100866784,2015,,,Botswana,BW,,,Euphorbiaceae,W.M. Cardinal-McTeague (CAN),MO,MO,100866784,Gerald V. Pope|H.M. Biegel|E. Russell,Plukenetia africana Sond.,
recorded,1258001853,urn:catalog:MO:Tropicos:100659830,2012,-13.5916110,49.9894170,Madagascar,MG,,,Euphorbiaceae,G.A. Levin & L.J. Gillespie,MO,MO,100659830,Lynn J. Gillespie|Geoffrey A. Levin|Jacky Andriantiana|W.M. Cardinal-McTeague,Cladogelonium madagascariense Leandri,
recorded,1258001874,urn:catalog:MO:Tropicos:100659843,2012,-12.9236670,49.0866940,Madagascar,MG,,,Euphorbiaceae,L.J. Gillespie,MO,MO,100659843,Lynn J. Gillespie|Geoffrey A. Levin|Jacky Andriantiana|W.M. Cardinal-McTeague,Omphalea ankaranensis L.J. Gillespie,
recorded,1258001903,urn:catalog:MO:Tropicos:100659851,,-16.3353060,46.7892780,Madagascar,MG,,,Euphorbiaceae,,MO,MO,100659851,Lynn J. Gillespie|Geoffrey A. Levin|Jacky Andriantiana|W.M. Cardinal-McTeague,Euphorbia L.,
recorded,1258001881,urn:catalog:MO:Tropicos:100659842,,-12.9180000,49.0958060,Madagascar,MG,,,Euphorbiaceae,,MO,MO,100659842,Lynn J. Gillespie|Geoffrey A. Levin|Jacky Andriantiana|W.M. Cardinal-McTeague,Euphorbia L.,
recorded,1258001902,urn:catalog:MO:Tropicos:100659847,2013,-16.3107220,46.8214720,Madagascar,MG,,,Euphorbiaceae,G.A. Levin,MO,MO,100659847,Lynn J. Gillespie|Geoffrey A. Levin|Jacky Andriantiana|W.M. Cardinal-McTeague,Acalypha diminuta Baill.,
recorded,1258001880,urn:catalog:MO:Tropicos:100659832,,-13.5912500,49.9881110,Madagascar,MG,,,Euphorbiaceae,,MO,MO,100659832,Lynn J. Gillespie|Geoffrey A. Levin|Jacky Andriantiana|W.M. Cardinal-McTeague,Tragia L.,
recorded,1258001879,urn:catalog:MO:Tropicos:100659823,2013,-14.0274170,48.2486940,Madagascar,MG,,,Euphorbiaceae,G.A. Levin,MO,MO,100659823,Lynn J. Gillespie|Geoffrey A. Levin|Jacky Andriantiana|W.M. Cardinal-McTeague,Acalypha reticulata (Poir.) Müll. Arg.,
recorded,1258001887,urn:catalog:MO:Tropicos:100659844,,-12.9230000,49.0857780,Madagascar,MG,,,Euphorbiaceae,,MO,MO,100659844,Lynn J. Gillespie|Geoffrey A. Levin|Jacky Andriantiana|W.M. Cardinal-McTeague,Croton L.,
recorded,1258001908,urn:catalog:MO:Tropicos:100659833,,-13.5912500,49.9881110,Madagascar,MG,,,Euphorbiaceae,,MO,MO,100659833,Lynn J. Gillespie|Geoffrey A. Levin|Jacky Andriantiana|W.M. Cardinal-McTeague,Tragia L.,
recorded,1258001886,urn:catalog:MO:Tropicos:100659846,2013,-16.3107220,46.8214720,Madagascar,MG,,,Euphorbiaceae,G.A. Levin,MO,MO,100659846,Lynn J. Gillespie|Geoffrey A. Levin|Jacky Andriantiana|W.M. Cardinal-McTeague,Acalypha diminuta Baill.,
recorded,1258001885,urn:catalog:MO:Tropicos:100659840,2013,-12.3238330,49.3377220,Madagascar,MG,,,Euphorbiaceae,G.A. Levin,MO,MO,100659840,Lynn J. Gillespie|Geoffrey A. Levin|Jacky Andriantiana|W.M. Cardinal-McTeague,Acalypha reticulata (Poir.) Müll. Arg.,
"recorded,identified",1258001863,urn:catalog:MO:Tropicos:100659825,2012,-14.0308060,48.2479440,Madagascar,MG,,,Euphorbiaceae,"W.M. Cardinal-McTeague, G.A. Levin & L.J. Gillespie",MO,MO,100659825,Lynn J. Gillespie|Geoffrey A. Levin|Jacky Andriantiana|W.M. Cardinal-McTeague,Tragia furialis Bojer ex Prain,
recorded,1258001884,urn:catalog:MO:Tropicos:100659834,,-13.5912500,49.9881110,Madagascar,MG,,,Euphorbiaceae,,MO,MO,100659834,Lynn J. Gillespie|Geoffrey A. Levin|Jacky Andriantiana|W.M. Cardinal-McTeague,Tragia L.,
recorded,1258001892,urn:catalog:MO:Tropicos:100659841,2013,-12.3240000,49.3379440,Madagascar,MG,,,Euphorbiaceae,G.A. Levin,MO,MO,100659841,Lynn J. Gillespie|Geoffrey A. Levin|Jacky Andriantiana|W.M. Cardinal-McTeague,Acalypha L.,
recorded,1258001862,urn:catalog:MO:Tropicos:100659822,,-14.0752500,48.1068060,Madagascar,MG,,,Euphorbiaceae,,MO,MO,100659822,Lynn J. Gillespie|Geoffrey A. Levin|Jacky Andriantiana|W.M. Cardinal-McTeague,Croton L.,
recorded,1258001883,urn:catalog:MO:Tropicos:100659826,2013,-14.0308060,48.2479440,Madagascar,MG,,,Euphorbiaceae,G.A. Levin,MO,MO,100659826,Lynn J. Gillespie|Geoffrey A. Levin|Jacky Andriantiana|W.M. Cardinal-McTeague,Acalypha reticulata (Poir.) Müll. Arg.,
identified,1257601937,urn:catalog:MO:Tropicos:100250255,2015,,,Brazil,BR,,,Euphorbiaceae,W.M. Cardinal-McTeague (CAN),MO,MO,100250255,Scott A. Mori|Talmon S. dos Santos,Romanoa tamnoides (A. Juss.) Radcl.-Sm.,
identified,1261534171,urn:catalog:MO:Tropicos:809394,2015,-25.6000000,-57.5666667,Paraguay,PY,,,Euphorbiaceae,W.M. Cardinal-McTeague (CAN),MO,MO,809394,Elsa M. Zardini|Tulio Tillería,Tragia geraniifolia Klotzsch ex Baill.,
identified,1258625396,urn:catalog:MO:Tropicos:140118,2015,10.6666667,-83.6666667,Costa Rica,CR,,,Euphorbiaceae,W.M. Cardinal-McTeague (CAN),MO,MO,140118,Gerrit Davidse|Gerardo Herrera Ch.,Zuckertia cordata Baill.,
identified,1258625758,urn:catalog:MO:Tropicos:140150,2015,10.6750000,-83.6583333,Costa Rica,CR,,,Euphorbiaceae,W.M. Cardinal-McTeague (CAN),MO,MO,140150,Gerrit Davidse|Gerardo Herrera Ch.,Zuckertia cordata Baill.,
identified,1258183482,urn:catalog:MO:Tropicos:100866799,2015,,,Cameroon,CM,,,Euphorbiaceae,W.M. Cardinal-McTeague (CAN),MO,MO,100866799,Mukete|P. Mezili,Plukenetia conophora Müll. Arg.,
identified,1258183467,urn:catalog:MO:Tropicos:100866794,2015,,,Congo (Kinshasa),CD,,,Euphorbiaceae,W.M. Cardinal-McTeague (CAN),MO,MO,100866794,Ph. Gerard,Plukenetia conophora Müll. Arg.,
identified,1261841418,urn:catalog:MO:Tropicos:916910,2015,-1.0666667,-76.2000000,Ecuador,EC,,,Euphorbiaceae,W.M. Cardinal-McTeague (CAN),MO,MO,916910,Milton Aulestia,Acidoton nicaraguensis (Hemsl.) G.L. Webster,
identified,1258683781,urn:catalog:MO:Tropicos:145568,2015,10.8100000,-84.9500000,Costa Rica,CR,,,Euphorbiaceae,W.M. Cardinal-McTeague (CAN),MO,MO,145568,Gerardo Herrera Ch.,Zuckertia cordata Baill.,
identified,1260141482,urn:catalog:MO:Tropicos:2791389,2015,8.5180556,-83.4694445,Costa Rica,CR,,,Euphorbiaceae,W.M. Cardinal-McTeague (CAN),MO,MO,2791389,Billen Gamboa R.|Alexander Rojas|Alejandro Azofeifa|Eida Fletes,Zuckertia cordata Baill.,
"recorded,identified",1258001905,urn:catalog:MO:Tropicos:100659858,2013,-15.7871940,50.0218060,Madagascar,MG,,,Icacinaceae,W.M. Cardinal-McTeague & L.J. Gillespie,MO,MO,100659858,Lynn J. Gillespie|Geoffrey A. Levin|J. Razanatsoa|W.M. Cardinal-McTeague,"Pyrenacantha perrieri Labat, El-Achkar & R. Rabev.",
"recorded,identified",1258001876,urn:catalog:MO:Tropicos:100659838,2013,-13.0793060,49.9036670,Madagascar,MG,,,Capparaceae,W.M. Cardinal-McTeague,MO,MO,100659838,Lynn J. Gillespie|Geoffrey A. Levin|Jacky Andriantiana|W.M. Cardinal-McTeague,Thilachium panduriforme (Lam.) Juss.,
"recorded,identified",1258001907,urn:catalog:MO:Tropicos:100659852,2013,-15.6324720,49.8155830,Madagascar,MG,,,Icacinaceae,W.M. Cardinal-McTeague & L.J. Gillespie,MO,MO,100659852,Lynn J. Gillespie|Geoffrey A. Levin|J. Razanatsoa|W.M. Cardinal-McTeague,"Pyrenacantha perrieri Labat, El-Achkar & R. Rabev.",
"recorded,identified",1258001878,urn:catalog:MO:Tropicos:100659855,2013,-15.5804170,49.9841940,Madagascar,MG,,,Icacinaceae,W.M. Cardinal-McTeague & L.J. Gillespie,MO,MO,100659855,Lynn J. Gillespie|Geoffrey A. Levin|J. Razanatsoa|W.M. Cardinal-McTeague,"Pyrenacantha perrieri Labat, El-Achkar & R. Rabev.",
"recorded,identified",1258001898,urn:catalog:MO:Tropicos:100659856,2013,-15.6703060,49.9685830,Madagascar,MG,,,Icacinaceae,W.M. Cardinal-McTeague & L.J. Gillespie,MO,MO,100659856,Lynn J. Gillespie|Geoffrey A. Levin|J. Razanatsoa|W.M. Cardinal-McTeague,"Pyrenacantha perrieri Labat, El-Achkar & R. Rabev.",
identified,1258623187,urn:catalog:MO:Tropicos:139918,2015,-25.8833333,-57.3833333,Paraguay,PY,,,Euphorbiaceae,W.Cardinal-McTeague (CAN),MO,MO,139918,Elsa M. Zardini|Tulio Tillería,Tragia volubilis L.,
identified,1258805336,urn:catalog:MO:Tropicos:157420,2015,-25.4833333,-56.1833333,Paraguay,PY,,,Euphorbiaceae,W.Cardinal-McTeague (CAN),MO,MO,157420,Elsa M. Zardini|Leongino Guerrero,Tragia volubilis L.,
recorded,1258001891,urn:catalog:MO:Tropicos:100659839,,-13.0820280,49.9078330,Madagascar,MG,,,Euphorbiaceae,,MO,MO,100659839,Lynn J. Gillespie|Geoffrey A. Levin|Jacky Andriantiana|W.M. Cardinal-McTeague,Tragia L.,
recorded,1258001869,urn:catalog:MO:Tropicos:100659828,2012,-14.0575830,48.2651940,Madagascar,MG,,,Euphorbiaceae,L.J. Gillespie,MO,MO,100659828,Lynn J. Gillespie|Geoffrey A. Levin|Jacky Andriantiana|W.M. Cardinal-McTeague,Dalechampia scandens L.,
recorded,1258001890,urn:catalog:MO:Tropicos:100659836,,-13.0953890,49.5818060,Madagascar,MG,,,Euphorbiaceae,,MO,MO,100659836,Lynn J. Gillespie|Geoffrey A. Levin|Jacky Andriantiana|W.M. Cardinal-McTeague,Omphalea L.,
recorded,1258001867,urn:catalog:MO:Tropicos:100659831,,-13.5916110,49.9894170,Madagascar,MG,,,Euphorbiaceae,,MO,MO,100659831,Lynn J. Gillespie|Geoffrey A. Levin|Jacky Andriantiana|W.M. Cardinal-McTeague,Euphorbia L.,
recorded,1258001888,urn:catalog:MO:Tropicos:100659848,2014,-16.3086110,46.8195830,Madagascar,MG,,,Euphorbiaceae,McPherson,MO,MO,100659848,Lynn J. Gillespie|Geoffrey A. Levin|Jacky Andriantiana|W.M. Cardinal-McTeague,Alchornea alnifolia (Bojer ex Baill.) Pax & K. Hoffm.,
recorded,1258001896,urn:catalog:MO:Tropicos:100659837,,-13.0793060,49.9036670,Madagascar,MG,,,Euphorbiaceae,,MO,MO,100659837,Lynn J. Gillespie|Geoffrey A. Levin|Jacky Andriantiana|W.M. Cardinal-McTeague,Tragia L.,
recorded,1258001895,urn:catalog:MO:Tropicos:100659845,2012,-12.9230000,49.0857780,Madagascar,MG,,,Euphorbiaceae,L.J. Gillespie,MO,MO,100659845,Lynn J. Gillespie|Geoffrey A. Levin|Jacky Andriantiana|W.M. Cardinal-McTeague,Plukenetia ankaranensis L.J. Gillespie,
recorded,1258001873,urn:catalog:MO:Tropicos:100659835,,-13.0951390,49.5818330,Madagascar,MG,,,Euphorbiaceae,,MO,MO,100659835,Lynn J. Gillespie|Geoffrey A. Levin|Jacky Andriantiana|W.M. Cardinal-McTeague,Omphalea L.,
recorded,1258001901,urn:catalog:MO:Tropicos:100659850,,-16.3239440,46.8056390,Madagascar,MG,,,Euphorbiaceae,,MO,MO,100659850,Lynn J. Gillespie|Geoffrey A. Levin|Jacky Andriantiana|W.M. Cardinal-McTeague,Euphorbia milii Des Moul.,
recorded,1258001921,urn:catalog:MO:Tropicos:100659849,2013,-16.3021390,46.8177220,Madagascar,MG,,,Euphorbiaceae,G.A. Levin,MO,MO,100659849,Lynn J. Gillespie|Geoffrey A. Levin|Jacky Andriantiana|W.M. Cardinal-McTeague,Acalypha reticulata (Poir.) Müll. Arg.,
recorded,1258001899,urn:catalog:MO:Tropicos:100659829,2012,-13.5916110,49.9894170,Madagascar,MG,,,Euphorbiaceae,G.A. Levin & L.J. Gillespie,MO,MO,100659829,Lynn J. Gillespie|Geoffrey A. Levin|Jacky Andriantiana|W.M. Cardinal-McTeague,Cladogelonium madagascariense Leandri,
recorded,1258001877,urn:catalog:MO:Tropicos:100659827,2012,-14.0308060,48.2479440,Madagascar,MG,,,Phyllanthaceae,G.A. Levin & L.J. Gillespie,MO,MO,100659827,Lynn J. Gillespie|Geoffrey A. Levin|Jacky Andriantiana|W.M. Cardinal-McTeague,Antidesma madagascariense Lam.,
recorded,1258001911,urn:catalog:MO:Tropicos:100659861,2012,-15.3240000,49.8583330,Madagascar,MG,,,Euphorbiaceae,L.J. Gillespie,MO,MO,100659861,Lynn J. Gillespie|Geoffrey A. Levin|J. Razanatsoa|W.M. Cardinal-McTeague,Omphalea oppositifolia (Willd.) L.J. Gillespie,
recorded,1258001893,urn:catalog:MO:Tropicos:100659853,,-15.5801390,49.9810830,Madagascar,MG,,,Euphorbiaceae,,MO,MO,100659853,Lynn J. Gillespie|Geoffrey A. Levin|J. Razanatsoa|W.M. Cardinal-McTeague,Tragia L.,
recorded,1258001925,urn:catalog:MO:Tropicos:100659854,,-15.5801390,49.9810830,Madagascar,MG,,,Euphorbiaceae,,MO,MO,100659854,Lynn J. Gillespie|Geoffrey A. Levin|J. Razanatsoa|W.M. Cardinal-McTeague,Tragia L.,
recorded,1258001889,urn:catalog:MO:Tropicos:100659857,,-15.6701940,49.9777780,Madagascar,MG,,,Euphorbiaceae,,MO,MO,100659857,Lynn J. Gillespie|Geoffrey A. Levin|J. Razanatsoa|W.M. Cardinal-McTeague,Omphalea L.,
recorded,1258001931,urn:catalog:MO:Tropicos:100659859,,-15.3255830,49.8496390,Madagascar,MG,,,Euphorbiaceae,,MO,MO,100659859,Lynn J. Gillespie|Geoffrey A. Levin|J. Razanatsoa|W.M. Cardinal-McTeague,Tragia L.,
recorded,1258001906,urn:catalog:MO:Tropicos:100659860,2012,-15.3245560,49.8551390,Madagascar,MG,,,Euphorbiaceae,L.J. Gillespie,MO,MO,100659860,Lynn J. Gillespie|Geoffrey A. Levin|J. Razanatsoa|W.M. Cardinal-McTeague,Omphalea oppositifolia (Willd.) L.J. Gillespie,
identified,1259201343,urn:catalog:MO:Tropicos:1937976,2015,-24.1516667,-55.3027778,Paraguay,PY,,,Euphorbiaceae,W.Cardinal-McTeague (CAN),MO,MO,1937976,Elsa M. Zardini|Isabelino Chaparro,Bia alienata Didr.,
identified,1261882994,urn:catalog:MO:Tropicos:954720,2015,-25.6316667,-54.8052778,Paraguay,PY,,,Euphorbiaceae,W.Cardinal-McTeague (CAN),MO,MO,954720,Elsa M. Zardini|Leongino Guerrero,Bia alienata Didr.,
identified,1261882761,urn:catalog:MO:Tropicos:954519,2015,-25.6302778,-54.8138889,Paraguay,PY,,,Euphorbiaceae,W.Cardinal-McTeague (CAN),MO,MO,954519,Elsa M. Zardini|Leongino Guerrero,Bia alienata Didr.,
identified,1261915758,urn:catalog:MO:Tropicos:987113,2015,-25.6302778,-54.8138889,Paraguay,PY,,,Euphorbiaceae,W.Cardinal-McTeague (CAN),MO,MO,987113,Elsa M. Zardini|Leongino Guerrero,Tragia giardelliae M.M. Gutiérrez & Múlgura,
identified,1258951305,urn:catalog:MO:Tropicos:1709477,2015,-22.1413889,-57.9533333,Paraguay,PY,,,Euphorbiaceae,W.Cardinal-McTeague (CAN),MO,MO,1709477,Elsa M. Zardini|M. Vera,Tragia hieronymii Pax & K. Hoffm.,
identified,1261882821,urn:catalog:MO:Tropicos:954553,2015,-25.6302778,-54.8138889,Paraguay,PY,,,Euphorbiaceae,W.Cardinal-McTeague (CAN),MO,MO,954553,Elsa M. Zardini|Leongino Guerrero,Bia alienata Didr.,
identified,1259069991,urn:catalog:MO:Tropicos:1817747,2015,-27.4541667,-56.7586111,Paraguay,PY,,,Euphorbiaceae,W.Cardinal-McTeague (CAN),MO,MO,1817747,Elsa M. Zardini|R. Gamarra,Tragia caperonioides Pax & K. Hoffm.,
identified,1258956466,urn:catalog:MO:Tropicos:1714169,2015,8.6905500,-83.4986100,Costa Rica,CR,,,Euphorbiaceae,W. Cardinal-McTeague (CAN),MO,MO,1714169,Alwyn H. Gentry,Plukenetia stipellata L.J. Gillespie,
identified,1260602821,urn:catalog:MO:Tropicos:3209423,2015,,,Peru,PE,,,Euphorbiaceae,W. Cardinal-McTeague (CAN),MO,MO,3209423,José Schunke V.,Bia fallax (Müll. Arg.) G.L. Webster,
identified,1260826943,urn:catalog:MO:Tropicos:3412294,2015,-17.4475000,-63.8333300,Bolivia,BO,,,Euphorbiaceae,W. Cardinal-McTeague (CAN),MO,MO,3412294,Michael H. Nee,Bia fallax (Müll. Arg.) G.L. Webster,
identified,1258994852,urn:catalog:MO:Tropicos:1749466,2015,-14.9888800,-67.7886100,Bolivia,BO,,,Euphorbiaceae,W. Cardinal-McTeague (CAN),MO,MO,1749466,Alfredo F. Fuentes|et al.,Bia fallax (Müll. Arg.) G.L. Webster,
identified,1258667831,urn:catalog:MO:Tropicos:144028,2015,-25.9166600,-56.2500000,Paraguay,PY,,,Euphorbiaceae,W. Cardinal-McTeague (CAN),MO,MO,144028,Elsa M. Zardini|A. Aguayo,Bia alienata Didr.,
identified,1260286338,urn:catalog:MO:Tropicos:2923024,2015,,,Peru,PE,,,Euphorbiaceae,W. Cardinal-McTeague (CAN),MO,MO,2923024,Manuel Rimachi Y.,Plukenetia brachybotrya Müll. Arg.,
identified,1259354387,urn:catalog:MO:Tropicos:2077446,2015,10.4519400,-84.0291600,Costa Rica,CR,,,Euphorbiaceae,W. Cardinal-McTeague (CAN),MO,MO,2077446,A. Jiménez M.,Plukenetia stipellata L.J. Gillespie,
identified,1258786612,urn:catalog:MO:Tropicos:155670,2015,-25.9166667,-56.2500000,Paraguay,PY,,,Euphorbiaceae,W. Cardinal-McTeague (CAN),MO,MO,155670,Elsa M. Zardini,Bia alienata Didr.,
identified,1257708323,urn:catalog:MO:Tropicos:100359599,2015,-10.5816667,-75.4072222,Peru,PE,,,Euphorbiaceae,W. Cardinal-McTeague (CAN),MO,MO,100359599,E. Blasido|Edwin Becerra Gonzáles|C. Rojas,Plukenetia volubilis L.,
identified,1260341362,urn:catalog:MO:Tropicos:2972854,2015,,,Paraguay,PY,,,Euphorbiaceae,W. Cardinal-McTeague (CAN),MO,MO,2972854,F. Javier Fernández Casas|J. Molero,Bia alienata Didr.,
identified,1258476140,urn:catalog:MO:Tropicos:1264203,2015,-26.0811111,-55.5066667,Paraguay,PY,,,Euphorbiaceae,W. Cardinal-McTeague (CAN),MO,MO,1264203,Elsa M. Zardini|A. Benítez,Bia alienata Didr.,
identified,1258796425,urn:catalog:MO:Tropicos:156571,2015,-25.9166600,-56.2500000,Paraguay,PY,,,Euphorbiaceae,W. Cardinal-McTeague (CAN),MO,MO,156571,Elsa M. Zardini|Ramón Velásquez,Bia alienata Didr.,
identified,1257710049,urn:catalog:MO:Tropicos:100361371,2015,-25.7919444,-56.2163889,Paraguay,PY,,,Euphorbiaceae,W. Cardinal-McTeague (CAN),MO,MO,100361371,W. D. Stevens|O.M. Montiel|Christopher Davidson|Sharon R. Christoph,Bia alienata Didr.,
identified,1258183824,urn:catalog:MO:Tropicos:100867120,2015,,,Colombia,CO,,,Euphorbiaceae,W. Cardinal-McTeague (CAN),MO,MO,100867120,Hermes Cuadros V.,Bia fendleri (Müll. Arg.) G.L. Webster,
identified,1259357187,urn:catalog:MO:Tropicos:2079648,2015,9.8455500,-83.6500000,Costa Rica,CR,,,Euphorbiaceae,W. Cardinal-McTeague (CAN),MO,MO,2079648,Nelson Zamora,Plukenetia stipellata L.J. Gillespie,
identified,1258765695,urn:catalog:MO:Tropicos:153784,2015,-25.8000000,-56.3333300,Paraguay,PY,,,Euphorbiaceae,W. Cardinal-McTeague (CAN),MO,MO,153784,Elsa M. Zardini|Ramón Velásquez,Bia alienata Didr.,
identified,1257548928,urn:catalog:MO:Tropicos:100195508,2015,,,Peru,PE,,,Euphorbiaceae,W. Cardinal-McTeague (CAN),MO,MO,100195508,José Schunke V.,Plukenetia loretensis Ule,
identified,1260340604,urn:catalog:MO:Tropicos:2972173,2015,3.1166600,-59.1000000,Guyana,GY,,,Euphorbiaceae,W. Cardinal-McTeague (CAN),MO,MO,2972173,Marion J. Jansen-Jacobs|Ben J.H. ter Welle|Andre Chanderbali|Usha Raghoenandan|V. James,Bia fendleri (Müll. Arg.) G.L. Webster,
identified,1258656937,urn:catalog:MO:Tropicos:142992,2015,-26.0000000,-56.7666600,Paraguay,PY,,,Euphorbiaceae,W. Cardinal-McTeague (CAN),MO,MO,142992,Elsa M. Zardini|Ramón Velásquez,Bia alienata Didr.,
identified,1258634956,urn:catalog:MO:Tropicos:140989,2015,-26.0500000,-56.8333300,Paraguay,PY,,,Euphorbiaceae,W. Cardinal-McTeague (CAN),MO,MO,140989,Elsa M. Zardini|A. Aguayo,Bia alienata Didr.,
identified,1258197462,urn:catalog:MO:Tropicos:100882820,2015,,,Paraguay,PY,,,Euphorbiaceae,W. Cardinal-McTeague (CAN),MO,MO,100882820,Nélida Soria,Bia alienata Didr.,
identified,1260317817,urn:catalog:MO:Tropicos:2951502,2015,-0.5833300,-79.3666600,Ecuador,EC,,,Euphorbiaceae,W. Cardinal-McTeague (CAN),MO,MO,2951502,Calaway H. Dodson,Plukenetia lehmanniana (Pax & K. Hoffm.) Huft & L.J. Gillespie,
identified,1259148808,urn:catalog:MO:Tropicos:1890290,2015,8.7000000,-83.5100000,Costa Rica,CR,,,Euphorbiaceae,W. Cardinal-McTeague (CAN),MO,MO,1890290,Ronald L. Liesner,Plukenetia stipellata L.J. Gillespie,
identified,1260336879,urn:catalog:MO:Tropicos:2968824,2015,,,Brazil,BR,,,Euphorbiaceae,W. Cardinal-McTeague (CAN),MO,MO,2968824,Gert G. Hatschbach,Bia alienata Didr.,
identified,1258678743,urn:catalog:MO:Tropicos:145018,2015,-12.4833300,-69.0500000,Peru,PE,,,Euphorbiaceae,W. Cardinal-McTeague (CAN),MO,MO,145018,Martín E. Timaná,Bia fallax (Müll. Arg.) G.L. Webster,
identified,1258668826,urn:catalog:MO:Tropicos:1441194,2015,,,Peru,PE,,,Euphorbiaceae,W. Cardinal-McTeague (CAN),MO,MO,1441194,Alwyn H. Gentry|James Aronson,Bia fallax (Müll. Arg.) G.L. Webster,
identified,1258746456,urn:catalog:MO:Tropicos:152020,2015,-17.4916600,-63.6750000,Bolivia,BO,,,Euphorbiaceae,W. Cardinal-McTeague (CAN),MO,MO,152020,Michael H. Nee,Bia fallax (Müll. Arg.) G.L. Webster,
identified,1260339644,urn:catalog:MO:Tropicos:2971288,2015,,,Paraguay,PY,,,Euphorbiaceae,W. Cardinal-McTeague (CAN),MO,MO,2971288,Rosa Degen|Elsa M. Zardini,Bia alienata Didr.,
identified,1261888187,urn:catalog:MO:Tropicos:959491,2015,-25.6319445,-54.8047222,Paraguay,PY,,,Euphorbiaceae,W. Cardinal-McTeague (CAN),MO,MO,959491,Elsa M. Zardini|Leongino Guerrero,Bia alienata Didr.,
identified,1259094506,urn:catalog:MO:Tropicos:1840166,2015,,,Colombia,CO,,,Euphorbiaceae,W. Cardinal-McTeague (CAN),MO,MO,1840166,Dario Sánchez S.|et al.,Plukenetia lehmanniana (Pax & K. Hoffm.) Huft & L.J. Gillespie,
identified,1258780617,urn:catalog:MO:Tropicos:155085,2015,-1.0666667,-77.6000000,Ecuador,EC,,,Euphorbiaceae,W. Cardinal-McTeague (CAN),MO,MO,155085,Carlos E. Cerón|Carlos Iguago,Plukenetia brachybotrya Müll. Arg.,
identified,1258641885,urn:catalog:MO:Tropicos:141618,2015,-25.8000000,-56.3333300,Paraguay,PY,,,Euphorbiaceae,W. Cardinal-McTeague (CAN),MO,MO,141618,Elsa M. Zardini,Bia alienata Didr.,
identified,1259355113,urn:catalog:MO:Tropicos:2077995,2015,9.5333300,-79.6666600,Panama,PA,,,Euphorbiaceae,W. Cardinal-McTeague (CAN),MO,MO,2077995,Robin B. Foster,Plukenetia stipellata L.J. Gillespie,
identified,1258759592,urn:catalog:MO:Tropicos:1532118,2015,-17.4666600,-63.6666600,Bolivia,BO,,,Euphorbiaceae,W. Cardinal-McTeague (CAN),MO,MO,1532118,Michael H. Nee,Bia fallax (Müll. Arg.) G.L. Webster,
identified,1260757237,urn:catalog:MO:Tropicos:3349365,2015,,,Colombia,CO,,,Euphorbiaceae,W. Cardinal-McTeague (CAN),MO,MO,3349365,Thomas B. Croat,Bia fallax (Müll. Arg.) G.L. Webster,
identified,1258721895,urn:catalog:MO:Tropicos:149792,2015,-3.4666600,-72.8333300,Peru,PE,,,Euphorbiaceae,W. Cardinal-McTeague (CAN),MO,MO,149792,Rodolfo Vásquez|Nestor Jaramillo,Bia fallax (Müll. Arg.) G.L. Webster,
identified,1258475669,urn:catalog:MO:Tropicos:1263775,2015,-26.0977777,-55.4430555,Paraguay,PY,,,Euphorbiaceae,W. Cardinal-McTeague (CAN),MO,MO,1263775,Elsa M. Zardini|A. Benítez,Bia alienata Didr.,
identified,1260339983,urn:catalog:MO:Tropicos:2971608,2015,-4.1849830,-69.9727820,Colombia,CO,,,Euphorbiaceae,W. Cardinal-McTeague (CAN),MO,MO,2971608,Thomas B. Croat,Bia fallax (Müll. Arg.) G.L. Webster,
identified,1259355365,urn:catalog:MO:Tropicos:2078267,2015,17.2666667,-94.6666667,Mexico,MX,,,Euphorbiaceae,W. Cardinal-McTeague (CAN),MO,MO,2078267,O. Zambrano C.,Plukenetia stipellata L.J. Gillespie,
identified,1258632961,urn:catalog:MO:Tropicos:140809,2015,-26.0500000,-56.8333300,Paraguay,PY,,,Euphorbiaceae,W. Cardinal-McTeague (CAN),MO,MO,140809,Elsa M. Zardini|Ramón Velásquez,Bia alienata Didr.,
identified,1259356135,urn:catalog:MO:Tropicos:2078774,2015,18.5666600,-95.0666600,Mexico,MX,,,Euphorbiaceae,W. Cardinal-McTeague (CAN),MO,MO,2078774,Guillermo Ibarra Manríquez|Santiago Sinaca C.,Plukenetia stipellata L.J. Gillespie,
identified,1260602845,urn:catalog:MO:Tropicos:3209427,2015,,,Peru,PE,,,Euphorbiaceae,W. Cardinal-McTeague (CAN),MO,MO,3209427,Manuel Rimachi Y.,Plukenetia loretensis Ule,
identified,1260338086,urn:catalog:MO:Tropicos:2969905,2015,-3.4166600,-72.8000000,Peru,PE,,,Euphorbiaceae,W. Cardinal-McTeague (CAN),MO,MO,2969905,Grady L. Webster|W. Scott Armbruster,Bia fallax (Müll. Arg.) G.L. Webster,
identified,1258748375,urn:catalog:MO:Tropicos:152195,2015,-26.1166667,-56.8833333,Paraguay,PY,,,Euphorbiaceae,W. Cardinal-McTeague (CAN),MO,MO,152195,Elsa M. Zardini|R. Franco,Bia alienata Didr.,
identified,1258277357,urn:catalog:MO:Tropicos:1069380,2015,-25.6319445,-54.8047222,Paraguay,PY,,,Euphorbiaceae,W. Cardinal-McTeague (CAN),MO,MO,1069380,Elsa M. Zardini|Leongino Guerrero,Bia alienata Didr.,
identified,1258613345,urn:catalog:MO:Tropicos:139024,2015,-26.0500000,-56.8333333,Paraguay,PY,,,Euphorbiaceae,W. Cardinal-McTeague (CAN),MO,MO,139024,Elsa M. Zardini|et al.,Bia alienata Didr.,
identified,1258743176,urn:catalog:MO:Tropicos:151722,2015,-3.8333333,-73.5000000,Peru,PE,,,Euphorbiaceae,W. Cardinal-McTeague (CAN),MO,MO,151722,Juan Revilla,Plukenetia loretensis Ule,
identified,1258695337,urn:catalog:MO:Tropicos:147366,2015,-3.9005556,-73.4902777,Peru,PE,,,Euphorbiaceae,W. Cardinal-McTeague (CAN),MO,MO,147366,Rodolfo Vásquez,Plukenetia loretensis Ule,
identified,1260283501,urn:catalog:MO:Tropicos:2920461,2015,,,Peru,PE,,,Euphorbiaceae,W. Cardinal-McTeague (CAN),MO,MO,2920461,Sidney T. McDaniel|Manuel Rimachi Y.,Plukenetia loretensis Ule,
identified,1260602901,urn:catalog:MO:Tropicos:3209436,2015,,,Peru,PE,,,Euphorbiaceae,W. Cardinal-McTeague (CAN),MO,MO,3209436,Sidney T. McDaniel|Manuel Rimachi Y.,Plukenetia loretensis Ule,
identified,1258476310,urn:catalog:MO:Tropicos:1264341,2015,-26.0811111,-55.5066667,Paraguay,PY,,,Euphorbiaceae,W. Cardinal-McTeague (CAN),MO,MO,1264341,Elsa M. Zardini|A. Benítez,Bia alienata Didr.,
identified,1260011794,urn:catalog:MO:Tropicos:2673385,2015,9.5000000,-79.6500000,Panama,PA,,,Euphorbiaceae,W. Cardinal-McTeague (CAN),MO,MO,2673385,Thomas M. Antonio,Plukenetia stipellata L.J. Gillespie,
identified,1258523872,urn:catalog:MO:Tropicos:1307947,2015,-24.1336111,-55.5280556,Paraguay,PY,,,Euphorbiaceae,W. Cardinal-McTeague (CAN),MO,MO,1307947,Elsa M. Zardini|Isabelino Chaparro,Bia alienata Didr.,
identified,1258646561,urn:catalog:MO:Tropicos:142045,2015,,,Paraguay,PY,,,Euphorbiaceae,W. Cardinal-McTeague (CAN),MO,MO,142045,Elsa M. Zardini|Rosa Degen,Bia alienata Didr.,
identified,1257549252,urn:catalog:MO:Tropicos:100195884,2015,9.0000000,-84.0000000,Costa Rica,CR,,,Euphorbiaceae,W. Cardinal-McTeague (CAN),MO,MO,100195884,Margaret M. Mayfield,Plukenetia stipellata L.J. Gillespie,
identified,1258636592,urn:catalog:MO:Tropicos:141136,2015,-26.0500000,-56.8333300,Paraguay,PY,,,Euphorbiaceae,W. Cardinal-McTeague (CAN),MO,MO,141136,Elsa M. Zardini|A. Aguayo,Bia alienata Didr.,
identified,1260338423,urn:catalog:MO:Tropicos:2970191,2015,-7.1861111,-37.4313889,Brazil,BR,,,Euphorbiaceae,W. Cardinal-McTeague (CAN),MO,MO,2970191,M. de F. Agra,Bia lessertiana Baill.,
identified,1260341638,urn:catalog:MO:Tropicos:2973105,2015,11.0416600,-72.3561100,Venezuela,VE,,,Euphorbiaceae,W. Cardinal-McTeague (CAN),MO,MO,2973105,Julian A. Steyermark|Gerrit Davidse|Alexander Stoddart,Bia fendleri (Müll. Arg.) G.L. Webster,
identified,1259356449,urn:catalog:MO:Tropicos:2078962,2015,,,Mexico,MX,,,Euphorbiaceae,W. Cardinal-McTeague (CAN),MO,MO,2078962,Refugio Cedillo T.|Juan Ismael Calzada,Plukenetia stipellata L.J. Gillespie,
identified,1260725028,urn:catalog:MO:Tropicos:3320150,2015,-25.5833300,-54.7500000,Paraguay,PY,,,Euphorbiaceae,W. Cardinal-McTeague (CAN),MO,MO,3320150,L.C. Stutz,Bia alienata Didr.,
identified,1259354996,urn:catalog:MO:Tropicos:2077247,2015,10.5000000,-83.7833300,Costa Rica,CR,,,Euphorbiaceae,W. Cardinal-McTeague (CAN),MO,MO,2077247,Christopher Davidson|Amy Kaminer|L. Middleton|B. Rasnow,Plukenetia stipellata L.J. Gillespie,
identified,1261510116,urn:catalog:MO:Tropicos:787283,2015,4.6333300,-52.2833300,French Guiana,GF,,,Euphorbiaceae,W. Cardinal-McTeague (CAN),MO,MO,787283,Thomas B. Croat,Bia lessertiana Baill.,
identified,1258752870,urn:catalog:MO:Tropicos:152598,2015,10.3100000,-83.5600000,Costa Rica,CR,,,Euphorbiaceae,W. Cardinal-McTeague (CAN),MO,MO,152598,Michael H. Grayum,Plukenetia stipellata L.J. Gillespie,
identified,1258670520,urn:catalog:MO:Tropicos:144271,2015,-11.8666600,-71.3666600,Peru,PE,,,Euphorbiaceae,W. Cardinal-McTeague (CAN),MO,MO,144271,Alwyn H. Gentry,Bia fallax (Müll. Arg.) G.L. Webster,
identified,1260282770,urn:catalog:MO:Tropicos:2919786,2015,,,Peru,PE,,,Euphorbiaceae,W. Cardinal-McTeague (CAN),MO,MO,2919786,José Schunke V.,Plukenetia loretensis Ule,
identified,1257770111,urn:catalog:MO:Tropicos:100422579,2015,4.6099167,-52.2784167,French Guiana,GF,,,Euphorbiaceae,W. Cardinal-McTeague (CAN),MO,MO,100422579,Thomas B. Croat,Bia fendleri (Müll. Arg.) G.L. Webster,
identified,1259354013,urn:catalog:MO:Tropicos:2076819,2015,18.5833300,-95.0833300,Mexico,MX,,,Euphorbiaceae,W. Cardinal-McTeague (CAN),MO,MO,2076819,Juan Ismael Calzada,Plukenetia stipellata L.J. Gillespie,
identified,1258793584,urn:catalog:MO:Tropicos:156309,2015,10.4011100,-84.0508300,Costa Rica,CR,,,Euphorbiaceae,W. Cardinal-McTeague (CAN),MO,MO,156309,Gerardo Carballo,Plukenetia stipellata L.J. Gillespie,
identified,1258594899,urn:catalog:MO:Tropicos:1373409,2015,-22.6555556,-55.9825000,Paraguay,PY,,,Euphorbiaceae,W. Cardinal-McTeague (CAN),MO,MO,1373409,W. D. Stevens|Nélida Soria|Isabel Basualdo,Bia alienata Didr.,
identified,1258690075,urn:catalog:MO:Tropicos:146139,2015,10.4000000,-83.5500000,Costa Rica,CR,,,Euphorbiaceae,W. Cardinal-McTeague (CAN),MO,MO,146139,Rafael Robles|Gerardo Herrera Ch.|L. Flores,Plukenetia stipellata L.J. Gillespie,
identified,1258689994,urn:catalog:MO:Tropicos:146133,2015,6.6666667,-76.5000000,Colombia,CO,,,Euphorbiaceae,W. Cardinal-McTeague (CAN),MO,MO,146133,Alwyn H. Gentry|César E. Barbosa|Dayron Cárdenas L.,Plukenetia lehmanniana (Pax & K. Hoffm.) Huft & L.J. Gillespie,
identified,1258805075,urn:catalog:MO:Tropicos:157395,2015,-8.3333300,-73.7500000,Peru,PE,,,Euphorbiaceae,W. Cardinal-McTeague (CAN),MO,MO,157395,Camilo Díaz S.|et al.,Bia fallax (Müll. Arg.) G.L. Webster,
identified,1258748235,urn:catalog:MO:Tropicos:152181,2015,-26.1166667,-56.8833333,Paraguay,PY,,,Euphorbiaceae,W. Cardinal-McTeague (CAN),MO,MO,152181,Elsa M. Zardini|Tulio Tillería,Bia alienata Didr.,
identified,1260602857,urn:catalog:MO:Tropicos:3209429,2015,,,Peru,PE,,,Euphorbiaceae,W. Cardinal-McTeague (CAN),MO,MO,3209429,Manuel Rimachi Y.,Plukenetia loretensis Ule,
identified,1259648650,urn:catalog:MO:Tropicos:2343565,2015,-28.2333300,-56.1000000,Argentina,AR,,,Euphorbiaceae,W. Cardinal-McTeague (CAN),MO,MO,2343565,Sara G. Tressens|M. Silvia Ferrucci|Victor Maruñak|M.G. Pellegrini,Bia alienata Didr.,
identified,1260283617,urn:catalog:MO:Tropicos:2920547,2015,-3.8336100,-73.3627700,Peru,PE,,,Euphorbiaceae,W. Cardinal-McTeague (CAN),MO,MO,2920547,Calaway H. Dodson|J. Torres,Plukenetia loretensis Ule,
identified,1258626264,urn:catalog:MO:Tropicos:140197,2015,-17.4000000,-63.8333300,Bolivia,BO,,,Euphorbiaceae,W. Cardinal-McTeague (CAN),MO,MO,140197,Michael H. Nee,Bia fallax (Müll. Arg.) G.L. Webster,
identified,1258282168,urn:catalog:MO:Tropicos:1073736,2015,-23.7977777,-56.1480555,Paraguay,PY,,,Euphorbiaceae,W. Cardinal-McTeague (CAN),MO,MO,1073736,Elsa M. Zardini|Leongino Guerrero,Bia alienata Didr.,
identified,1258282045,urn:catalog:MO:Tropicos:1073654,2015,-23.7719445,-56.0266667,Paraguay,PY,,,Euphorbiaceae,W. Cardinal-McTeague (CAN),MO,MO,1073654,Elsa M. Zardini|Leongino Guerrero,Bia alienata Didr.,
identified,1257675214,urn:catalog:MO:Tropicos:100325686,2015,-10.1041667,-75.5502778,Peru,PE,,,Euphorbiaceae,W. Cardinal-McTeague (CAN),MO,MO,100325686,Rocío Rojas|G. Ortiz|Gina A. Castillo|Erika Fernández,Plukenetia polyadenia Müll. Arg.,
identified,1260286628,urn:catalog:MO:Tropicos:2923269,2015,-3.8333300,-73.2666600,Peru,PE,,,Euphorbiaceae,W. Cardinal-McTeague (CAN),MO,MO,2923269,Manuel Rimachi Y.,Plukenetia loretensis Ule,
identified,1260339926,urn:catalog:MO:Tropicos:2971572,2015,-26.1666600,-55.3333300,Paraguay,PY,,,Euphorbiaceae,W. Cardinal-McTeague (CAN),MO,MO,2971572,Mirtha Ortiz,Bia alienata Didr.,
identified,1258639069,urn:catalog:MO:Tropicos:141362,2015,8.7000000,-83.5600000,Costa Rica,CR,,,Euphorbiaceae,W. Cardinal-McTeague (CAN),MO,MO,141362,Barry E. Hammel,Plukenetia stipellata L.J. Gillespie,
identified,1260337007,urn:catalog:MO:Tropicos:2968905,2015,10.9416600,-72.2833300,Venezuela,VE,,,Euphorbiaceae,W. Cardinal-McTeague (CAN),MO,MO,2968905,Julian A. Steyermark|Gerrit Davidse|Alexander Stoddart,Bia fendleri (Müll. Arg.) G.L. Webster,
identified,1257777475,urn:catalog:MO:Tropicos:1004302,2015,-23.7700000,-55.9883333,Paraguay,PY,,,Euphorbiaceae,W. Cardinal-McTeague (CAN),MO,MO,1004302,Elsa M. Zardini|F. Garcete,Bia alienata Didr.,
identified,1258779273,urn:catalog:MO:Tropicos:155006,2015,,,Peru,PE,,,Euphorbiaceae,W. Cardinal-McTeague (CAN),MO,MO,155006,Thomas B. Croat,Plukenetia brachybotrya Müll. Arg.,
identified,1258661789,urn:catalog:MO:Tropicos:143477,2015,,,Paraguay,PY,,,Euphorbiaceae,W. Cardinal-McTeague (CAN),MO,MO,143477,Elsa M. Zardini|et al.,Bia alienata Didr.,
identified,1258495900,urn:catalog:MO:Tropicos:1282359,2015,-0.5833300,-79.3666600,Ecuador,EC,,,Euphorbiaceae,W. Cardinal-McTeague (CAN),MO,MO,1282359,Alwyn H. Gentry|et al.,Plukenetia lehmanniana (Pax & K. Hoffm.) Huft & L.J. Gillespie,
identified,1259122911,urn:catalog:MO:Tropicos:1866822,2015,-14.4333300,-67.9166600,Bolivia,BO,,,Euphorbiaceae,W. Cardinal-McTeague (CAN),MO,MO,1866822,Narel Paniagua Zambrana,Plukenetia brachybotrya Müll. Arg.,
identified,1258777747,urn:catalog:MO:Tropicos:154853,2015,-3.7972222,-73.3444444,Peru,PE,,,Euphorbiaceae,W. Cardinal-McTeague (CAN),MO,MO,154853,Thomas B. Croat,Plukenetia loretensis Ule,
identified,1258636533,urn:catalog:MO:Tropicos:141129,2015,-25.1333300,-57.1666600,Paraguay,PY,,,Euphorbiaceae,W. Cardinal-McTeague (CAN),MO,MO,141129,Elsa M. Zardini|C. Velázquez,Bia alienata Didr.,
identified,1259470976,urn:catalog:MO:Tropicos:2182875,2015,,,Bolivia,BO,,,Euphorbiaceae,W. Cardinal-McTeague (CAN),MO,MO,2182875,Renate Seidel,Bia alienata Didr.,
identified,1258690889,urn:catalog:MO:Tropicos:146211,2015,10.4100000,-83.5600000,Costa Rica,CR,,,Euphorbiaceae,W. Cardinal-McTeague (CAN),MO,MO,146211,Rafael Robles,Plukenetia stipellata L.J. Gillespie,
identified,1259355474,urn:catalog:MO:Tropicos:2077663,2015,,,Mexico,MX,,,Euphorbiaceae,W. Cardinal-McTeague (CAN),MO,MO,2077663,Guadalupe Martínez Calderón,Plukenetia stipellata L.J. Gillespie,
identified,1260341250,urn:catalog:MO:Tropicos:2972745,2015,9.0513800,-62.0011100,Venezuela,VE,,,Euphorbiaceae,W. Cardinal-McTeague (CAN),MO,MO,2972745,Julian A. Steyermark|Ronald L. Liesner|Franciso  Delascio C.,Bia fendleri (Müll. Arg.) G.L. Webster,
identified,1258639906,urn:catalog:MO:Tropicos:141437,2015,-26.0500000,-56.8333333,Paraguay,PY,,,Euphorbiaceae,W. Cardinal-McTeague (CAN),MO,MO,141437,Elsa M. Zardini|Ramón Velásquez,Bia alienata Didr.,
identified,1258789346,urn:catalog:MO:Tropicos:155921,2015,-26.0500000,-56.8000000,Paraguay,PY,,,Euphorbiaceae,W. Cardinal-McTeague (CAN),MO,MO,155921,Elsa M. Zardini|et al.,Bia alienata Didr.,
identified,1260338818,urn:catalog:MO:Tropicos:2970553,2015,-4.4333300,-44.9666600,Brazil,BR,,,Euphorbiaceae,W. Cardinal-McTeague (CAN),MO,MO,2970553,Douglas C. Daly,Bia lessertiana Baill.,
identified,1258737695,urn:catalog:MO:Tropicos:151225,2015,10.3747200,-84.0361100,Costa Rica,CR,,,Euphorbiaceae,W. Cardinal-McTeague (CAN),MO,MO,151225,Reinaldo Aguilar|Barry E. Hammel,Plukenetia stipellata L.J. Gillespie,
identified,1258477248,urn:catalog:MO:Tropicos:1265213,2015,-24.1333333,-55.5280556,Paraguay,PY,,,Euphorbiaceae,W. Cardinal-McTeague (CAN),MO,MO,1265213,Elsa M. Zardini|Leongino Guerrero,Bia alienata Didr.,
identified,1258751089,urn:catalog:MO:Tropicos:152439,2015,9.7833333,-84.6000000,Costa Rica,CR,,,Euphorbiaceae,W. Cardinal-McTeague (CAN),MO,MO,152439,Michael H. Grayum|Richard H. Warner|Barry E. Hammel|Jill Trainer|Claire Kremen,Plukenetia stipellata L.J. Gillespie,
identified,1259355449,urn:catalog:MO:Tropicos:2078312,2015,17.7488800,-89.3033300,Guatemala,GT,,,Euphorbiaceae,W. Cardinal-McTeague (CAN),MO,MO,2078312,Elias Contreras,Plukenetia penninervia Müll. Arg.,
identified,1258609213,urn:catalog:MO:Tropicos:138648,2015,-26.0500000,-56.8333333,Paraguay,PY,,,Euphorbiaceae,W. Cardinal-McTeague (CAN),MO,MO,138648,Elsa M. Zardini|Ramón Velásquez,Bia alienata Didr.,
identified,1260341785,urn:catalog:MO:Tropicos:2973227,2015,-23.1833300,-46.8666600,Brazil,BR,,,Euphorbiaceae,W. Cardinal-McTeague (CAN),MO,MO,2973227,Grady L. Webster,Bia alienata Didr.,
identified,1257775734,urn:catalog:MO:Tropicos:100428353,2015,-25.5000000,-54.6666667,Paraguay,PY,,,Euphorbiaceae,W. Cardinal-McTeague (CAN),MO,MO,100428353,Rodolphe E. Spichiger|Pierre A. Loizeau,Bia alienata Didr.,
identified,1259354439,urn:catalog:MO:Tropicos:2077270,2015,17.3000000,-94.6333300,Mexico,MX,,,Euphorbiaceae,W. Cardinal-McTeague (CAN),MO,MO,2077270,M. Vázquez T.|et al.,Plukenetia stipellata L.J. Gillespie,
identified,1258777786,urn:catalog:MO:Tropicos:154840,2015,-3.8261100,-73.3758300,Peru,PE,,,Euphorbiaceae,W. Cardinal-McTeague (CAN),MO,MO,154840,Thomas B. Croat,Plukenetia loretensis Ule,
identified,1260341283,urn:catalog:MO:Tropicos:2972768,2015,,,Brazil,BR,,,Euphorbiaceae,W. Cardinal-McTeague (CAN),MO,MO,2972768,F. Javier Fernández Casas|J. Molero,Bia alienata Didr.,
identified,1260286773,urn:catalog:MO:Tropicos:2923406,2015,,,Peru,PE,,,Euphorbiaceae,W. Cardinal-McTeague (CAN),MO,MO,2923406,Sidney T. McDaniel|Manuel Rimachi Y.,Plukenetia loretensis Ule,
identified,1258641790,urn:catalog:MO:Tropicos:141608,2015,-25.1333333,-57.1666667,Paraguay,PY,,,Euphorbiaceae,W. Cardinal-McTeague (CAN),MO,MO,141608,Elsa M. Zardini|C. Velázquez,Bia alienata Didr.,
identified,1259355628,urn:catalog:MO:Tropicos:2078621,2015,9.5500000,-79.6500000,Panama,PA,,,Euphorbiaceae,W. Cardinal-McTeague (CAN),MO,MO,2078621,Thomas B. Croat,Plukenetia stipellata L.J. Gillespie,
identified,1258622799,urn:catalog:MO:Tropicos:139882,2015,-25.2500000,-57.5000000,Paraguay,PY,,,Euphorbiaceae,W. Cardinal-McTeague (CAN),MO,MO,139882,Elsa M. Zardini|M. Velázquez,Bia alienata Didr.,
identified,1258281905,urn:catalog:MO:Tropicos:1073504,2015,-23.8030556,-56.1261111,Paraguay,PY,,,Euphorbiaceae,W. Cardinal-McTeague (CAN),MO,MO,1073504,Elsa M. Zardini|Leongino Guerrero,Bia alienata Didr.,
identified,1258643262,urn:catalog:MO:Tropicos:141743,2015,0.8333300,-66.1500000,Venezuela,VE,,,Euphorbiaceae,W. Cardinal-McTeague (CAN),MO,MO,141743,Ronald L. Liesner,Bia fendleri (Müll. Arg.) G.L. Webster,
identified,1261499719,urn:catalog:MO:Tropicos:778307,2015,-6.9333300,-76.8000000,Peru,PE,,,Euphorbiaceae,W. Cardinal-McTeague (CAN),MO,MO,778307,Felix Woytkowski,Bia fallax (Müll. Arg.) G.L. Webster,
identified,1258748149,urn:catalog:MO:Tropicos:152174,2015,-26.0166667,-56.7666667,Paraguay,PY,,,Euphorbiaceae,W. Cardinal-McTeague (CAN),MO,MO,152174,Elsa M. Zardini|Tulio Tillería,Bia alienata Didr.,
identified,1258634165,urn:catalog:MO:Tropicos:140919,2015,-25.2500000,-57.0666600,Paraguay,PY,,,Euphorbiaceae,W. Cardinal-McTeague (CAN),MO,MO,140919,Elsa M. Zardini|Rosa Degen,Bia alienata Didr.,
identified,1258312210,urn:catalog:MO:Tropicos:1101279,2015,0.3500000,-79.7333333,Ecuador,EC,,,Euphorbiaceae,W. Cardinal-McTeague (CAN),MO,MO,1101279,"John L. Clark|Cunningham, Keri|Roberts, Catherine",Plukenetia lehmanniana (Pax & K. Hoffm.) Huft & L.J. Gillespie,
identified,1260285811,urn:catalog:MO:Tropicos:2922541,2015,,,Peru,PE,,,Euphorbiaceae,W. Cardinal-McTeague (CAN),MO,MO,2922541,Manuel Rimachi Y.,Plukenetia brachybotrya Müll. Arg.,
identified,1260337258,urn:catalog:MO:Tropicos:2969144,2015,,,Colombia,CO,,,Euphorbiaceae,W. Cardinal-McTeague (CAN),MO,MO,2969144,Larry R. Noblick|William J. Hahn,Bia lessertiana Baill.,
identified,1260337279,urn:catalog:MO:Tropicos:2969180,2015,,,Paraguay,PY,,,Euphorbiaceae,W. Cardinal-McTeague (CAN),MO,MO,2969180,Luciano Bernardi,Bia alienata Didr.,
identified,1258787857,urn:catalog:MO:Tropicos:155784,2015,-26.0500000,-56.8333300,Paraguay,PY,,,Euphorbiaceae,W. Cardinal-McTeague (CAN),MO,MO,155784,William J. Hahn,Bia alienata Didr.,
identified,1258783624,urn:catalog:MO:Tropicos:155377,2015,8.7500000,-80.4833333,Panama,PA,,,Euphorbiaceae,W. Cardinal-McTeague (CAN),MO,MO,155377,H.W. Churchill|A. Lier|W. Scott Armbruster|A.L. Herzig,Plukenetia stipellata L.J. Gillespie,
identified,1260314165,urn:catalog:MO:Tropicos:2948207,2015,-0.5880000,-79.3410000,Ecuador,EC,,,Euphorbiaceae,W. Cardinal-McTeague (CAN),MO,MO,2948207,Calaway H. Dodson|Alwyn H. Gentry,Plukenetia lehmanniana (Pax & K. Hoffm.) Huft & L.J. Gillespie,
identified,1258782818,urn:catalog:MO:Tropicos:155348,2015,-26.0500000,-56.8000000,Paraguay,PY,,,Euphorbiaceae,W. Cardinal-McTeague (CAN),MO,MO,155348,Elsa M. Zardini|S. Velázquez,Bia alienata Didr.,
identified,1258605394,urn:catalog:MO:Tropicos:138305,2015,-26.1000000,-56.7833300,Paraguay,PY,,,Euphorbiaceae,W. Cardinal-McTeague (CAN),MO,MO,138305,Elsa M. Zardini|A. Aguayo,Bia alienata Didr.,
identified,1258651592,urn:catalog:MO:Tropicos:142500,2011,-12.8500000,49.0666667,Madagascar,MG,,,Euphorbiaceae,W. Cardinal-McTeague (CAN),MO,MO,142500,Simon T. Malcomber|et al.,Plukenetia ankaranensis L.J. Gillespie,
identified,1260286027,urn:catalog:MO:Tropicos:2922719,2015,,,Peru,PE,,,Euphorbiaceae,W. Cardinal-McTeague (CAN),MO,MO,2922719,Felix Woytkowski,Plukenetia brachybotrya Müll. Arg.,
identified,1261923117,urn:catalog:MO:Tropicos:993818,2015,-3.8286111,-73.3233334,Peru,PE,,,Euphorbiaceae,W. Cardinal-McTeague (CAN),MO,MO,993818,Alwyn H. Gentry,Plukenetia brachybotrya Müll. Arg.,
identified,1259357139,urn:catalog:MO:Tropicos:2079600,2015,10.2655556,-84.5288889,Costa Rica,CR,,,Euphorbiaceae,W. Cardinal-McTeague (CAN),MO,MO,2079600,"Charlotte M. Taylor|J.H. Hall|C. Skotak|Williams, R. D.|Damon A. Smith",Plukenetia stipellata L.J. Gillespie,
identified,1258485528,urn:catalog:MO:Tropicos:1272779,2015,0.3666600,-79.7333300,Ecuador,EC,,,Euphorbiaceae,W. Cardinal-McTeague (CAN),MO,MO,1272779,John L. Clark,Plukenetia lehmanniana (Pax & K. Hoffm.) Huft & L.J. Gillespie,
identified,1257586993,urn:catalog:MO:Tropicos:1002350,2015,-25.6666667,-54.8000000,Paraguay,PY,,,Euphorbiaceae,W. Cardinal-McTeague (CAN),MO,MO,1002350,Elsa M. Zardini|Leongino Guerrero,Bia alienata Didr.,
identified,1257711758,urn:catalog:MO:Tropicos:100363092,2015,-22.5808334,-57.3355555,Paraguay,PY,,,Euphorbiaceae,W. Cardinal-McTeague (CAN),MO,MO,100363092,W. D. Stevens|Isabel Basualdo|O.M. Montiel|Christopher Davidson|Sharon R. Christoph,Bia alienata Didr.,
identified,1260341603,urn:catalog:MO:Tropicos:2973087,2015,,,Paraguay,PY,,,Euphorbiaceae,W. Cardinal-McTeague (CAN),MO,MO,2973087,F. Javier Fernández Casas|J. Molero,Bia alienata Didr.,
identified,1259356791,urn:catalog:MO:Tropicos:2079148,2015,17.6850000,-89.4700000,Guatemala,GT,,,Euphorbiaceae,W. Cardinal-McTeague (CAN),MO,MO,2079148,Elias Contreras,Plukenetia penninervia Müll. Arg.,
identified,1258778918,urn:catalog:MO:Tropicos:154953,2015,-4.0619444,-73.1388889,Peru,PE,,,Euphorbiaceae,W. Cardinal-McTeague (CAN),MO,MO,154953,Thomas B. Croat,Plukenetia loretensis Ule,
identified,1258647053,urn:catalog:MO:Tropicos:1420868,2015,-26.2530556,-55.7688889,Paraguay,PY,,,Euphorbiaceae,W. Cardinal-McTeague (CAN),MO,MO,1420868,Elsa M. Zardini|R. Brítez,Bia alienata Didr.,
identified,1260341428,urn:catalog:MO:Tropicos:2972927,2015,,,Paraguay,PY,,,Euphorbiaceae,W. Cardinal-McTeague (CAN),MO,MO,2972927,Rosa Degen|Elsa M. Zardini,Bia alienata Didr.,
identified,1260602891,urn:catalog:MO:Tropicos:3209434,2015,,,Peru,PE,,,Euphorbiaceae,W. Cardinal-McTeague (CAN),MO,MO,3209434,Sidney T. McDaniel|Manuel Rimachi Y.,Plukenetia loretensis Ule,
identified,1258709119,urn:catalog:MO:Tropicos:148628,2015,-11.8666600,-71.3666600,Peru,PE,,,Euphorbiaceae,W. Cardinal-McTeague (CAN),MO,MO,148628,Alwyn H. Gentry,Plukenetia brachybotrya Müll. Arg.,
identified,1258793370,urn:catalog:MO:Tropicos:1562864,2015,,,Colombia,CO,,,Euphorbiaceae,W. Cardinal-McTeague (CAN),MO,MO,1562864,James A. Duke,Plukenetia stipellata L.J. Gillespie,
identified,1260340135,urn:catalog:MO:Tropicos:2971740,2015,,,Paraguay,PY,,,Euphorbiaceae,W. Cardinal-McTeague (CAN),MO,MO,2971740,Itaipú Binacional,Bia alienata Didr.,
identified,1258670129,urn:catalog:MO:Tropicos:144234,2015,,,Paraguay,PY,,,Euphorbiaceae,W. Cardinal-McTeague (CAN),MO,MO,144234,Elsa M. Zardini|A. Aguayo,Bia alienata Didr.,
identified,1260341193,urn:catalog:MO:Tropicos:2972704,2015,,,Venezuela,VE,,,Euphorbiaceae,W. Cardinal-McTeague (CAN),MO,MO,2972704,Franciso  Delascio C.|Ronald L. Liesner,Bia fendleri (Müll. Arg.) G.L. Webster,
identified,1259355983,urn:catalog:MO:Tropicos:2078070,2015,9.5000000,-79.6500000,Panama,PA,,,Euphorbiaceae,W. Cardinal-McTeague (CAN),MO,MO,2078070,Michael H. Nee|Alwyn H. Gentry,Plukenetia stipellata L.J. Gillespie,
identified,1258668459,urn:catalog:MO:Tropicos:144085,2015,-25.7166600,-57.2666600,Paraguay,PY,,,Euphorbiaceae,W. Cardinal-McTeague (CAN),MO,MO,144085,Elsa M. Zardini|C. Velázquez,Bia alienata Didr.,
identified,1259466315,urn:catalog:MO:Tropicos:2178610,2015,-14.8000000,-67.3833333,Bolivia,BO,,,Euphorbiaceae,W. Cardinal-McTeague (CAN),MO,MO,2178610,Douglas C. Daly,Bia fallax (Müll. Arg.) G.L. Webster,
identified,1258635595,urn:catalog:MO:Tropicos:1410456,2015,8.9111100,-78.4327700,Panama,PA,,,Euphorbiaceae,W. Cardinal-McTeague (CAN),MO,MO,1410456,James P. Folsom|Leo Collins|G. Alonzo de Monte,Plukenetia stipellata L.J. Gillespie,
identified,1260334528,urn:catalog:MO:Tropicos:2966663,2015,,,Colombia,CO,,,Euphorbiaceae,W. Cardinal-McTeague (CAN),MO,MO,2966663,Philip A. Silverstone-Sopkin|Jorge E. Giraldo Gensini,Plukenetia lehmanniana (Pax & K. Hoffm.) Huft & L.J. Gillespie,
identified,1258640415,urn:catalog:MO:Tropicos:141483,2015,-26.0500000,-56.8333333,Paraguay,PY,,,Euphorbiaceae,W. Cardinal-McTeague (CAN),MO,MO,141483,Elsa M. Zardini|Ramón Velásquez,Bia alienata Didr.,
identified,1261504930,urn:catalog:MO:Tropicos:782598,2015,-26.0500000,-56.8333300,Paraguay,PY,,,Euphorbiaceae,W. Cardinal-McTeague (CAN),MO,MO,782598,A. Aguayo,Bia alienata Didr.,
identified,1260338513,urn:catalog:MO:Tropicos:2970287,2015,4.9333300,-55.1833300,Suriname,SR,,,Euphorbiaceae,W. Cardinal-McTeague (CAN),MO,MO,2970287,Grady L. Webster,Bia lessertiana Baill.,
identified,1257593768,urn:catalog:MO:Tropicos:100242073,2015,,,Peru,PE,,,Euphorbiaceae,W. Cardinal-McTeague (CAN),MO,MO,100242073,Manuel Rimachi Y.,Plukenetia loretensis Ule,
identified,1260285498,urn:catalog:MO:Tropicos:2922255,2015,,,Peru,PE,,,Euphorbiaceae,W. Cardinal-McTeague (CAN),MO,MO,2922255,Sidney T. McDaniel|Manuel Rimachi Y.|Walter C. Holmes|John Bruza,Plukenetia brachybotrya Müll. Arg.,
identified,1258743095,urn:catalog:MO:Tropicos:151715,2015,-3.7166667,-73.2333333,Peru,PE,,,Euphorbiaceae,W. Cardinal-McTeague (CAN),MO,MO,151715,Juan Revilla,Plukenetia loretensis Ule,
identified,1260602974,urn:catalog:MO:Tropicos:3209447,2015,,,Peru,PE,,,Euphorbiaceae,W. Cardinal-McTeague (CAN),MO,MO,3209447,Manuel Rimachi Y.,Plukenetia loretensis Ule,
identified,1259040391,urn:catalog:MO:Tropicos:1790902,2015,-0.6000000,-79.3666667,Ecuador,EC,,,Euphorbiaceae,W. Cardinal-McTeague (CAN),MO,MO,1790902,Alwyn H. Gentry,Plukenetia lehmanniana (Pax & K. Hoffm.) Huft & L.J. Gillespie,
identified,1257950965,urn:catalog:MO:Tropicos:100607364,2015,4.5666667,-52.4166667,French Guiana,GF,,,Euphorbiaceae,W. Cardinal-McTeague (CAN),MO,MO,100607364,Olivier Lachenaud,Bia lessertiana Baill.,
identified,1260336668,urn:catalog:MO:Tropicos:2968602,2015,-22.7833300,-47.1166600,Brazil,BR,,,Euphorbiaceae,W. Cardinal-McTeague (CAN),MO,MO,2968602,Webster,Bia alienata Didr.,
identified,1260757399,urn:catalog:MO:Tropicos:3349391,2015,,,Brazil,BR,,,Euphorbiaceae,W. Cardinal-McTeague (CAN),MO,MO,3349391,Mario Lobo,Bia lessertiana Baill.,
identified,1258436579,urn:catalog:MO:Tropicos:1227361,2015,-23.7802778,-56.1969444,Paraguay,PY,,,Euphorbiaceae,W. Cardinal-McTeague (CAN),MO,MO,1227361,Elsa M. Zardini|S. Zavala,Bia alienata Didr.,
identified,1260341203,urn:catalog:MO:Tropicos:2972722,2015,,,Paraguay,PY,,,Euphorbiaceae,W. Cardinal-McTeague (CAN),MO,MO,2972722,Nélida Soria,Bia alienata Didr.,
identified,1260337763,urn:catalog:MO:Tropicos:2969630,2015,-26.1666600,-55.3333300,Paraguay,PY,,,Euphorbiaceae,W. Cardinal-McTeague (CAN),MO,MO,2969630,Isabel Basualdo,Bia alienata Didr.,
identified,1259356093,urn:catalog:MO:Tropicos:2078549,2015,10.7300000,-85.0500000,Costa Rica,CR,,,Euphorbiaceae,W. Cardinal-McTeague (CAN),MO,MO,2078549,Luis Diego Gómez P.|et al.,Plukenetia stipellata L.J. Gillespie,
identified,1258610480,urn:catalog:MO:Tropicos:1387595,2015,-3.8333333,-73.5000000,Peru,PE,,,Euphorbiaceae,W. Cardinal-McTeague (CAN),MO,MO,1387595,Alwyn H. Gentry,Plukenetia loretensis Ule,
identified,1258757857,urn:catalog:MO:Tropicos:153054,2015,-25.9166600,-56.2500000,Paraguay,PY,,,Euphorbiaceae,W. Cardinal-McTeague (CAN),MO,MO,153054,Elsa M. Zardini|Ramón Velásquez,Bia alienata Didr.,
identified,1258608027,urn:catalog:MO:Tropicos:138549,2015,-26.0500000,-56.8333333,Paraguay,PY,,,Euphorbiaceae,W. Cardinal-McTeague (CAN),MO,MO,138549,Elsa M. Zardini|Ramón Velásquez,Bia alienata Didr.,
identified,1258661236,urn:catalog:MO:Tropicos:143427,2015,-3.8333300,-73.5000000,Peru,PE,,,Euphorbiaceae,W. Cardinal-McTeague (CAN),MO,MO,143427,Alwyn H. Gentry|Rodolfo Vásquez|E. Andrade C.|M. Horna|Peggy Stern,Plukenetia loretensis Ule,
identified,1259356397,urn:catalog:MO:Tropicos:2079249,2015,7.6666667,-77.7000000,Panama,PA,,,Euphorbiaceae,W. Cardinal-McTeague (CAN),MO,MO,2079249,James P. Folsom|Ronald L. Hartman|Robert L. Dressler,Plukenetia stipellata L.J. Gillespie,
identified,1258623568,urn:catalog:MO:Tropicos:139953,2015,-26.0500000,-56.8333333,Paraguay,PY,,,Euphorbiaceae,W. Cardinal-McTeague (CAN),MO,MO,139953,Elsa M. Zardini|et al.,Bia alienata Didr.,
identified,1258521902,urn:catalog:MO:Tropicos:1306144,2015,-25.5388889,-55.4836111,Paraguay,PY,,,Euphorbiaceae,W. Cardinal-McTeague (CAN),MO,MO,1306144,Elsa M. Zardini|G. Hellman,Bia alienata Didr.,
identified,1260339560,urn:catalog:MO:Tropicos:2971217,2015,-24.8333300,-56.5000000,Paraguay,PY,,,Euphorbiaceae,W. Cardinal-McTeague (CAN),MO,MO,2971217,Nélida Soria,Bia alienata Didr.,
identified,1260679852,urn:catalog:MO:Tropicos:3279443,2015,2.2333300,-59.1500000,Guyana,GY,,,Euphorbiaceae,W. Cardinal-McTeague (CAN),MO,MO,3279443,Terry W. Henkel,Bia fendleri (Müll. Arg.) G.L. Webster,
identified,1258090825,urn:catalog:MO:Tropicos:100760250,2015,-23.9666667,-55.2666667,Paraguay,PY,,,Euphorbiaceae,W. Cardinal-McTeague (CAN),MO,MO,100760250,Rodolphe E. Spichiger|Pierre A. Loizeau,Bia alienata Didr.,
identified,1259357492,urn:catalog:MO:Tropicos:2079930,2015,17.3333300,-94.3833300,Mexico,MX,,,Euphorbiaceae,W. Cardinal-McTeague (CAN),MO,MO,2079930,Thomas L. Wendt|A. Villalobos C.|Richard G. Olmstaed,Plukenetia stipellata L.J. Gillespie,
identified,1258757151,urn:catalog:MO:Tropicos:152989,2015,10.0300000,-83.4300000,Costa Rica,CR,,,Euphorbiaceae,W. Cardinal-McTeague (CAN),MO,MO,152989,Michael H. Grayum|Gerardo Herrera Ch.|Rafael Robles,Plukenetia stipellata L.J. Gillespie,
identified,1260340045,urn:catalog:MO:Tropicos:2971656,2015,,,Paraguay,PY,,,Euphorbiaceae,W. Cardinal-McTeague (CAN),MO,MO,2971656,Itaipú Binacional,Bia alienata Didr.,
identified,1258666947,urn:catalog:MO:Tropicos:143947,2015,-25.6166600,-57.4000000,Paraguay,PY,,,Euphorbiaceae,W. Cardinal-McTeague (CAN),MO,MO,143947,Elsa M. Zardini|Tulio Tillería,Bia alienata Didr.,
identified,1258778326,urn:catalog:MO:Tropicos:154916,2015,-4.0019444,-73.1463889,Peru,PE,,,Euphorbiaceae,W. Cardinal-McTeague (CAN),MO,MO,154916,Thomas B. Croat,Plukenetia loretensis Ule,
identified,1258436597,urn:catalog:MO:Tropicos:1227363,2015,-23.7802778,-56.1969444,Paraguay,PY,,,Euphorbiaceae,W. Cardinal-McTeague (CAN),MO,MO,1227363,Elsa M. Zardini|S. Zavala,Bia alienata Didr.,
identified,1260757255,urn:catalog:MO:Tropicos:3349368,2015,-0.8333300,-51.7500000,Brazil,BR,,,Euphorbiaceae,W. Cardinal-McTeague (CAN),MO,MO,3349368,Benedito V. Rabelo,Bia lessertiana Baill.,
identified,1258660261,urn:catalog:MO:Tropicos:143301,2015,-25.8000000,-56.3333300,Paraguay,PY,,,Euphorbiaceae,W. Cardinal-McTeague (CAN),MO,MO,143301,Elsa M. Zardini|Ramón Velásquez,Bia alienata Didr.,
identified,1257593761,urn:catalog:MO:Tropicos:100242068,2015,,,Peru,PE,,,Euphorbiaceae,W. Cardinal-McTeague (CAN),MO,MO,100242068,Manuel Rimachi Y.,Plukenetia brachybotrya Müll. Arg.,
identified,1258790215,urn:catalog:MO:Tropicos:156002,2015,-11.0000000,-66.0833333,Bolivia,BO,,,Euphorbiaceae,W. Cardinal-McTeague (CAN),MO,MO,156002,James C. Solomon,Plukenetia loretensis Ule,
identified,1258369513,urn:catalog:MO:Tropicos:1156137,2015,-17.3333300,-60.7500000,Bolivia,BO,,,Euphorbiaceae,W. Cardinal-McTeague (CAN),MO,MO,1156137,Fabiana Mamani M.|Antony Jardim,Bia alienata Didr.,
identified,1258748866,urn:catalog:MO:Tropicos:152236,2015,-26.0166667,-56.7666667,Paraguay,PY,,,Euphorbiaceae,W. Cardinal-McTeague (CAN),MO,MO,152236,Elsa M. Zardini|Tulio Tillería,Bia alienata Didr.,
identified,1258475541,urn:catalog:MO:Tropicos:1263664,2015,-26.0977777,-55.4430555,Paraguay,PY,,,Euphorbiaceae,W. Cardinal-McTeague (CAN),MO,MO,1263664,Elsa M. Zardini|A. Benítez,Bia alienata Didr.,
identified,1258648855,urn:catalog:MO:Tropicos:142250,2015,-25.7500000,-56.4166600,Paraguay,PY,,,Euphorbiaceae,W. Cardinal-McTeague (CAN),MO,MO,142250,Elsa M. Zardini|A. Aguayo,Bia alienata Didr.,
identified,1258641980,urn:catalog:MO:Tropicos:141626,2015,-26.0500000,-56.8333333,Paraguay,PY,,,Euphorbiaceae,W. Cardinal-McTeague (CAN),MO,MO,141626,Elsa M. Zardini|Ramón Velásquez,Bia alienata Didr.,
identified,1260287950,urn:catalog:MO:Tropicos:2924326,2015,-3.8333300,-73.4166600,Peru,PE,,,Euphorbiaceae,W. Cardinal-McTeague (CAN),MO,MO,2924326,Rodolfo Vásquez|Nestor Jaramillo,Plukenetia loretensis Ule,
identified,1258338050,urn:catalog:MO:Tropicos:1125889,2015,-25.6302778,-54.8138889,Paraguay,PY,,,Euphorbiaceae,W. Cardinal-McTeague (CAN),MO,MO,1125889,Elsa M. Zardini|F.V. da Silva,Bia alienata Didr.,
identified,1257642287,urn:catalog:MO:Tropicos:100292381,2015,2.9116667,-67.4486111,Venezuela,VE,,,Euphorbiaceae,W. Cardinal-McTeague (CAN),MO,MO,100292381,Pedro Acevedo-Rodríguez|Gerardo Aymard|Paul E. Berry|R. Schargel,Plukenetia loretensis Ule,
identified,1258624696,urn:catalog:MO:Tropicos:140056,2015,-26.0500000,-56.8333333,Paraguay,PY,,,Euphorbiaceae,W. Cardinal-McTeague (CAN),MO,MO,140056,Elsa M. Zardini|A. Aguayo,Bia alienata Didr.,
identified,1258767078,urn:catalog:MO:Tropicos:153887,2015,1.0333300,-78.2666600,Ecuador,EC,,,Euphorbiaceae,W. Cardinal-McTeague (CAN),MO,MO,153887,Galo A. Tipaz|Carlos Quelal|G. Cantincuz,Plukenetia lehmanniana (Pax & K. Hoffm.) Huft & L.J. Gillespie,
identified,1258690354,urn:catalog:MO:Tropicos:146163,2015,10.4500000,-83.5600000,Costa Rica,CR,,,Euphorbiaceae,W. Cardinal-McTeague (CAN),MO,MO,146163,Rafael Robles,Plukenetia stipellata L.J. Gillespie,
identified,1260337565,urn:catalog:MO:Tropicos:2969419,2015,,,Paraguay,PY,,,Euphorbiaceae,W. Cardinal-McTeague (CAN),MO,MO,2969419,F. Javier Fernández Casas|William J. Hahn|Aurelio Schinini,Bia alienata Didr.,
identified,1258624613,urn:catalog:MO:Tropicos:140048,2015,-26.0833300,-56.7833300,Paraguay,PY,,,Euphorbiaceae,W. Cardinal-McTeague (CAN),MO,MO,140048,Elsa M. Zardini|U. Velázquez,Bia alienata Didr.,
identified,1259456807,urn:catalog:MO:Tropicos:2169984,2015,15.0500000,-84.8333300,Honduras,HN,,,Euphorbiaceae,W. Cardinal-McTeague (CAN),MO,MO,2169984,Paul R. House,Plukenetia stipellata L.J. Gillespie,
identified,1258749530,urn:catalog:MO:Tropicos:152299,2015,-26.0500000,-56.8333300,Paraguay,PY,,,Euphorbiaceae,W. Cardinal-McTeague (CAN),MO,MO,152299,A. Aguayo,Bia alienata Didr.,
identified,1260341069,urn:catalog:MO:Tropicos:2972582,2015,-15.5333300,-67.5000000,Bolivia,BO,,,Euphorbiaceae,W. Cardinal-McTeague (CAN),MO,MO,2972582,Renate Seidel,Bia fallax (Müll. Arg.) G.L. Webster,
identified,1258475491,urn:catalog:MO:Tropicos:1263618,2015,-26.0977777,-55.4430555,Paraguay,PY,,,Euphorbiaceae,W. Cardinal-McTeague (CAN),MO,MO,1263618,Elsa M. Zardini|A. Benítez,Bia alienata Didr.,
identified,1258636029,urn:catalog:MO:Tropicos:141086,2015,-0.6833300,-76.4833300,Ecuador,EC,,,Euphorbiaceae,W. Cardinal-McTeague (CAN),MO,MO,141086,A. Dik,Plukenetia lehmanniana (Pax & K. Hoffm.) Huft & L.J. Gillespie,
identified,1257813191,urn:catalog:MO:Tropicos:100466360,2015,-21.0880555,45.0941666,Madagascar,MG,,,Euphorbiaceae,W. Cardinal-McTeague,MO,MO,100466360,Richard Razakamalala,Tragia furialis Bojer,
identified,1259355092,urn:catalog:MO:Tropicos:2078035,2015,16.1647200,-88.9544400,Belize,BZ,,,Euphorbiaceae,W. Cardinal-McTeague (CAN),MO,MO,2078035,Percy H. Gentle,Plukenetia penninervia Müll. Arg.,
identified,1259354583,urn:catalog:MO:Tropicos:2077628,2015,16.1647200,-88.9544400,Belize,BZ,,,Euphorbiaceae,W. Cardinal-McTeague (CAN),MO,MO,2077628,Percy H. Gentle,Plukenetia penninervia Müll. Arg.,
identified,1260340189,urn:catalog:MO:Tropicos:2971782,2015,-3.1666600,-71.6666600,Peru,PE,,,Euphorbiaceae,W. Cardinal-McTeague (CAN),MO,MO,2971782,F.R. Fosberg,Bia fallax (Müll. Arg.) G.L. Webster,
identified,1260286897,urn:catalog:MO:Tropicos:2923508,2015,-3.8333300,-73.2833300,Peru,PE,,,Euphorbiaceae,W. Cardinal-McTeague (CAN),MO,MO,2923508,F.R. Fosberg,Plukenetia loretensis Ule,
recorded,1258053540,urn:catalog:MO:Tropicos:100716239,,-14.0622222,48.2641667,Madagascar,MG,,,Euphorbiaceae,,MO,MO,100716239,Lynn J. Gillespie|Geoffrey A. Levin|Jacky Andriantiana|W.M. Cardinal-McTeague,Argomuellera Pax,
identified,1258184780,urn:catalog:MO:Tropicos:100868104,2015,,,Brazil,BR,,,Euphorbiaceae,Warren M. Cardinal-McTeague (CAN),MO,MO,100868104,Boris A. Krukoff,Plukenetia polyadenia Müll. Arg.,
identified,1258184781,urn:catalog:MO:Tropicos:100868105,2015,,,Brazil,BR,,,Euphorbiaceae,Warren M. Cardinal-McTeague (CAN),MO,MO,100868105,LUND,Romanoa tamnoides (A. Juss.) Radcl.-Sm.,
identified,1258184791,urn:catalog:MO:Tropicos:100868102,2015,,,Brazil,BR,,,Euphorbiaceae,Warren M. Cardinal-McTeague (CAN),MO,MO,100868102,Ernst Ule,Plukenetia polyadenia Müll. Arg.,
identified,1258184767,urn:catalog:MO:Tropicos:100868101,2015,,,Brazil,BR,,,Euphorbiaceae,Warren M. Cardinal-McTeague (CAN),MO,MO,100868101,Boris A. Krukoff,Plukenetia polyadenia Müll. Arg.,
identified,1258184794,urn:catalog:MO:Tropicos:100868103,2015,,,Brazil,BR,,,Euphorbiaceae,Warren M. Cardinal-McTeague (CAN),MO,MO,100868103,Boris A. Krukoff,Plukenetia polyadenia Müll. Arg.,
identified,1258210214,urn:catalog:MO:Tropicos:100896532,2015,-5.8333300,-76.6000000,Peru,PE,,,Euphorbiaceae,Warren Cardinal-McTeague (CAN),MO,MO,100896532,Guillermo Klug,Plukenetia polyadenia Müll. Arg.,
identified,1258210197,urn:catalog:MO:Tropicos:100896534,2015,,,Peru,PE,,,Euphorbiaceae,Warren Cardinal-McTeague (CAN),MO,MO,100896534,Ynés Mexia,Plukenetia polyadenia Müll. Arg.,
identified,1258210213,urn:catalog:MO:Tropicos:100896537,2015,,,Peru,PE,,,Euphorbiaceae,Warren Cardinal-McTeague (CAN),MO,MO,100896537,Eduard F. Poeppig,Plukenetia polyadenia Müll. Arg.,
identified,1260342179,urn:catalog:MO:Tropicos:2973586,2015,,,Paraguay,PY,,,Euphorbiaceae,W.M. Cardinal-McTeague (CAN),MO,MO,2973586,Émile Hassler,Bia alienata Didr.,
identified,1260333881,urn:catalog:MO:Tropicos:2966071,2015,,,Brazil,BR,,,Euphorbiaceae,W.M. Cardinal-McTeague (CAN),MO,MO,2966071,Per Dusén,Plukenetia serrata (Vell.) L.J. Gillespie,
identified,1258183479,urn:catalog:MO:Tropicos:100866801,2015,,,Zaire,CD,,,Euphorbiaceae,W.M. Cardinal-McTeague (CAN),MO,MO,100866801,Jean L.P. Louis,Plukenetia conophora Müll. Arg.,
identified,1259132721,urn:catalog:MO:Tropicos:1875706,2015,,,Venezuela,VE,,,Euphorbiaceae,W. Cardinal-McTeague (CAN),MO,MO,1875706,Augustus Fendler,Bia fendleri (Müll. Arg.) G.L. Webster,Type
identified,1259132710,urn:catalog:MO:Tropicos:1875704,2015,,,Venezuela,VE,,,Euphorbiaceae,W. Cardinal-McTeague (CAN),MO,MO,1875704,Augustus Fendler,Bia fendleri (Müll. Arg.) G.L. Webster,Type
identified,1260337356,urn:catalog:MO:Tropicos:2969237,2015,,,Paraguay,PY,,,Euphorbiaceae,W. Cardinal-McTeague (CAN),MO,MO,2969237,Pedro Jörgensen,Bia alienata Didr.,
identified,1259354641,urn:catalog:MO:Tropicos:2076935,2015,16.1666600,-88.8166600,Belize,BZ,,,Euphorbiaceae,W. Cardinal-McTeague (CAN),MO,MO,2076935,Percy H. Gentle,Plukenetia penninervia Müll. Arg.,
identified,1260314291,urn:catalog:MO:Tropicos:2948325,2015,,,Colombia,CO,,,Euphorbiaceae,W. Cardinal-McTeague (CAN),MO,MO,2948325,Alexander E. Lawrance,Plukenetia lehmanniana (Pax & K. Hoffm.) Huft & L.J. Gillespie,
identified,1260338927,urn:catalog:MO:Tropicos:2970647,2015,,,Brazil,BR,,,Euphorbiaceae,W. Cardinal-McTeague (CAN),MO,MO,2970647,Ricardo de Lemos Fróes,Bia lessertiana Baill.,
identified,1259353644,urn:catalog:MO:Tropicos:2076762,2015,7.8925000,-80.3388800,Panama,PA,,,Euphorbiaceae,W. Cardinal-McTeague (CAN),MO,MO,2076762,"R.E. Woodson, Jr.|Paul H. Allen|Russell J. Seibert",Plukenetia stipellata L.J. Gillespie,
identified,1257622032,urn:catalog:MO:Tropicos:100271135,2015,-10.1586111,-75.2552778,Peru,PE,,,Euphorbiaceae,W. Cardinal-McTeague (CAN),MO,MO,100271135,M. Huamán|R. Rivera|S. Chávez,Plukenetia volubilis L.,
identified,1260342177,urn:catalog:MO:Tropicos:2973588,2015,,,Paraguay,PY,,,Euphorbiaceae,W. Cardinal-McTeague (CAN),MO,MO,2973588,Émile Hassler,Bia alienata Didr.,
identified,1260337156,urn:catalog:MO:Tropicos:2969072,2015,,,Paraguay,PY,,,Euphorbiaceae,W. Cardinal-McTeague (CAN),MO,MO,2969072,Thomas Morong,Bia alienata Didr.,
identified,1260282915,urn:catalog:MO:Tropicos:2919924,2015,-1.0166667,-74.2333333,Peru,PE,,,Euphorbiaceae,W. Cardinal-McTeague (CAN),MO,MO,2919924,Guillermo Klug,Plukenetia loretensis Ule,
identified,1260341469,urn:catalog:MO:Tropicos:2972932,2015,,,Colombia,CO,,,Euphorbiaceae,W. Cardinal-McTeague (CAN),MO,MO,2972932,Cyril Allen,Bia fendleri (Müll. Arg.) G.L. Webster,
identified,1260337070,urn:catalog:MO:Tropicos:2968990,2015,,,Brazil,BR,,,Euphorbiaceae,W. Cardinal-McTeague (CAN),MO,MO,2968990,Per Dusén,Bia alienata Didr.,
identified,1259392922,urn:catalog:MO:Tropicos:2112123,2015,-16.3000000,-67.6000000,Bolivia,BO,,,Euphorbiaceae,W. Cardinal-McTeague (CAN),MO,MO,2112123,Miguel Bang,Bia alienata Didr.,
identified,1260286943,urn:catalog:MO:Tropicos:2923553,2015,,,Brazil,BR,,,Euphorbiaceae,W. Cardinal-McTeague (CAN),MO,MO,2923553,Boris A. Krukoff,Plukenetia loretensis Ule,
identified,1260342072,urn:catalog:MO:Tropicos:2973476,2015,,,Paraguay,PY,,,Euphorbiaceae,W. Cardinal-McTeague (CAN),MO,MO,2973476,Aurelio Schinini,Bia alienata Didr.,
identified,1260569174,urn:catalog:MO:Tropicos:3179184,2015,-4.6000000,-78.9666600,Ecuador,EC,,,Euphorbiaceae,W. Cardinal-McTeague (CAN0,MO,MO,3179184,H. van der Werff|Bruce Gray|V. Placencia,Plukenetia polyadenia Müll. Arg.,
identified,1260569920,urn:catalog:MO:Tropicos:3179222,2015,-4.6072200,-78.9697200,Ecuador,EC,,,Euphorbiaceae,W. Cardinal-McTeague (CAN0,MO,MO,3179222,H. van der Werff|Bruce Gray|V. Placencia,Plukenetia polyadenia Müll. Arg.,
identified,1258797662,urn:catalog:MO:Tropicos:156707,2015,-1.0666667,-77.6000000,Ecuador,EC,,,Euphorbiaceae,W. Cardinal-McTeague (CAN0,MO,MO,156707,David Neill,Plukenetia polyadenia Müll. Arg.,
identified,1260569892,urn:catalog:MO:Tropicos:3179220,2015,-4.6072200,-78.9697200,Ecuador,EC,,,Euphorbiaceae,W. Cardinal-McTeague (CAN0,MO,MO,3179220,H. van der Werff|Bruce Gray|V. Placencia,Plukenetia polyadenia Müll. Arg.,
identified,1801080166,MW0581982,2015,-23.780277777778,-56.196944444444,Paraguay,PY,,,Euphorbiaceae,W. Cardinal-McTeague (CAN),Moscow State University,MW,MW0581982,Elsa M. Zardini|S. Zavala,Bia alienata,
identified,1927870088,0741615a-4101-4e6e-af1e-1ca147447cac,2012,-1.055737,-77.532059,Ecuador,EC,1990-07-07,,Euphorbiaceae,W. M. Cardinal-McTeague,NY,NY,01157420,B. C. Bennett,Plukenetia volubilis L.,
identified,1928156716,1b9b2d84-2548-47ce-a678-a854737bf779,2012,,,,,,,Euphorbiaceae,W. M. Cardinal-McTeague,NY,NY,1551567,B. M. Boom,Plukenetia loretensis Ule,
identified,1094815090,BRA:UEFS:HUEFS:0000097247,2015-06,-12.2313890000000001,-39.0758330000000029,Brasil,BR,,,Euphorbiaceae,W.Cardinal-McTeague,UEFS,HUEFS,97247,"Couto, A.P.L.",Romanoa tamnoides,
identified,1094816206,BRA:UEFS:HUEFS:0000098440,2015-06,-10.3819440000000007,-40.2247219999999999,Brasil,BR,,,Euphorbiaceae,W.Cardinal-McTeague,UEFS,HUEFS,98440,"Santos, V.J.",Tragia volubilis,
identified,1094760563,BRA:UEFS:HUEFS:0000042505,2015-06,-13.5333330000000007,-41.9500000000000028,Brasil,BR,,,Euphorbiaceae,W.Cardinal-McTeague,UEFS,HUEFS,42505,"Giulietti, A.M.",Tragia friesii,
identified,1094748693,BRA:UEFS:HUEFS:0000030588,2015-06,-12.9691670000000006,-39.4761110000000031,Brasil,BR,,,Euphorbiaceae,W.Cardinal-McTeague,UEFS,HUEFS,30588,"Dias, V.B.",Plukenetia serrata,
identified,1094887838,BRA:UEFS:HUEFS:0000170760,2015-06,-12.8544440000000009,-39.4758330000000015,Brasil,BR,,,Euphorbiaceae,W.Cardinal-McTeague,UEFS,HUEFS,170760,"Melo, E.",Plukenetia serrata,
identified,1094864332,BRA:UEFS:HUEFS:0000147041,2015-06,-11.016667,-41.6499999999999986,Brasil,BR,,,Euphorbiaceae,W.Cardinal-McTeague,UEFS,HUEFS,147041,"Machado, R.F.",Tragia friesii,
identified,1094744866,BRA:UEFS:HUEFS:0000026723,2015-06,-12.8516670000000008,-39.4755559999999974,Brasil,BR,,,Euphorbiaceae,W.Cardinal-McTeague,UEFS,HUEFS,26723,"Harley, R.M.",Plukenetia serrata,
identified,1094853130,BRA:UEFS:HUEFS:0000135712,2015-06,-6.56666699999999981,-37.25,Brasil,BR,,,Euphorbiaceae,W.Cardinal-McTeague,UEFS,HUEFS,135712,"Queiroz, R.T.",Tragia cearensis,
identified,1094721468,BRA:UEFS:HUEFS:0000003340,2015-06,-12.25,-38.9666670000000011,Brasil,BR,,,Euphorbiaceae,W.Cardinal-McTeague,UEFS,HUEFS,3340,"Noblick, L.R.",Romanoa tamnoides,
identified,1094756305,BRA:UEFS:HUEFS:0000038178,2015-06,-12.8547220000000006,-39.4750000000000014,Brasil,BR,,,Euphorbiaceae,W.Cardinal-McTeague,UEFS,HUEFS,38178,"França, F.",Plukenetia serrata,
identified,1094731515,BRA:UEFS:HUEFS:0000013401,2015-06,-12.8499999999999996,-39.4666670000000011,Brasil,BR,,,Euphorbiaceae,W.Cardinal-McTeague,UEFS,HUEFS,13401,"Queiroz, L.P.de",Plukenetia serrata,
identified,1094742977,BRA:UEFS:HUEFS:0000024829,2015-06,-12.7166669999999993,-39.7000000000000028,Brasil,BR,,,Euphorbiaceae,W.Cardinal-McTeague,UEFS,HUEFS,24829,"Melo, E.",Tragia giardelliae,
identified,1094761713,BRA:UEFS:HUEFS:0000043678,2015-06,-13.4622220000000006,-43.1375000000000028,Brasil,BR,,,Euphorbiaceae,W.Cardinal-McTeague,UEFS,HUEFS,43678,"Queiroz, L.P.de",Tragia giardelliae,
identified,1094825956,BRA:UEFS:HUEFS:0000108229,2015-06,-15.2100000000000009,-42.8969439999999977,Brasil,BR,,,Euphorbiaceae,W.Cardinal-McTeague,UEFS,HUEFS,108229,"Carneiro-Torres, D.S.",Tragia bahiensis,
identified,1094719499,BRA:UEFS:HUEFS:0000001349,2015-06,-12.5333330000000007,-39.0833330000000032,Brasil,BR,,,Euphorbiaceae,W.Cardinal-McTeague,UEFS,HUEFS,1349,Grupo Pedra do Cavalo,Romanoa tamnoides,
identified,1094869816,BRA:UEFS:HUEFS:0000152570,2015-06,,,Brasil,BR,,,Euphorbiaceae,W.Cardinal-McTeague,UEFS,HUEFS,152570,"Marquete, R.",Plukenetia serrata,
identified,1094786305,BRA:UEFS:HUEFS:0000068304,2015-06,-12.8333329999999997,-39.4666670000000011,Brasil,BR,,,Euphorbiaceae,W.Cardinal-McTeague,UEFS,HUEFS,68304,"Jardim, J.G.",Plukenetia serrata,
identified,1094736891,BRA:UEFS:HUEFS:0000018797,2015-06,-12.8499999999999996,-39.4666670000000011,Brasil,BR,,,Euphorbiaceae,W.Cardinal-McTeague,UEFS,HUEFS,18797,"França, F.",Plukenetia serrata,
identified,1094731490,BRA:UEFS:HUEFS:0000013388,2015-06,-12.8499999999999996,-39.4666670000000011,Brasil,BR,,,Euphorbiaceae,W.Cardinal-McTeague,UEFS,HUEFS,13388,"Queiroz, L.P.de",Tragia,
identified,1094737450,BRA:UEFS:HUEFS:0000019346,2015-06,,,Brasil,BR,,,Euphorbiaceae,W.Cardinal-McTeague,UEFS,HUEFS,19346,"Hatschbach, G.",Tragia volubilis,
identified,1094756796,BRA:UEFS:HUEFS:0000038688,2015-06,-12.8499999999999996,-39.4666670000000011,Brasil,BR,,,Euphorbiaceae,W.Cardinal-McTeague,UEFS,HUEFS,38688,"França, F.",Plukenetia serrata,
identified,1094770232,BRA:UEFS:HUEFS:0000052193,2015-06,-12.8333329999999997,-39.4666670000000011,Brasil,BR,,,Euphorbiaceae,W.Cardinal-McTeague,UEFS,HUEFS,52193,"Ribeiro-Filho, A.A.",Plukenetia serrata,
identified,1094751089,BRA:UEFS:HUEFS:0000032971,2015-06,,,Brasil,BR,,,Euphorbiaceae,W.Cardinal-McTeague,UEFS,HUEFS,32971,"Queiroz, L.P.de",Plukenetia serrata,
identified,1094813482,BRA:UEFS:HUEFS:0000095628,2015-06,-10.9275000000000002,-39.0808329999999984,Brasil,BR,,,Euphorbiaceae,W.Cardinal-McTeague,UEFS,HUEFS,95628,"Cardoso, D.",Tragia giardelliae,
identified,1094743938,BRA:UEFS:HUEFS:0000025801,2015-06,-11.0602780000000003,-42.7102780000000024,Brasil,BR,,,Euphorbiaceae,W.Cardinal-McTeague,UEFS,HUEFS,25801,"Guedes, M.L.S.",Romanoa tamnoides,
identified,1094873267,BRA:UEFS:HUEFS:0000156166,2015-06,-13.5283329999999999,-46.8305560000000014,Brasil,BR,,,Euphorbiaceae,W.Cardinal-McTeague,UEFS,HUEFS,156166,"Queiroz, L.P.de",Romanoa tamnoides,
identified,1094730912,BRA:UEFS:HUEFS:0000012801,2015-06,-12.8499999999999996,-39.4666670000000011,Brasil,BR,,,Euphorbiaceae,W.Cardinal-McTeague,UEFS,HUEFS,12801,"Queiroz, L.P.de",Plukenetia serrata,
identified,1094718513,BRA:UEFS:HUEFS:0000000421,2015-06,-12.5333330000000007,-39.0499999999999972,Brasil,BR,,,Euphorbiaceae,W.Cardinal-McTeague,UEFS,HUEFS,421,"Noblick, L.R.",Romanoa tamnoides,
identified,1094811918,BRA:UEFS:HUEFS:0000094060,2015-06,-12.2327779999999997,-38.0744439999999997,Brasil,BR,,,Euphorbiaceae,W.Cardinal-McTeague,UEFS,HUEFS,94060,"Couto, A.P.L.",Tragia volubilis,
identified,883400725,urn:catalog:ALTA-VP:122747,2009-04,,,Canada,CA,1984-05-30,,Ranunculaceae,"Cardinal-McTeague, Warren",University of Alberta Museums,ALTA-VP,122747,"Shigematsu, Sunao",Ranunculus inamoenus Greene,
identified,883400663,urn:catalog:ALTA-VP:122732,2009-04,,,Canada,CA,1959-07-20,,Polygalaceae,"Cardinal-McTeague, Warren",University of Alberta Museums,ALTA-VP,122732,"Shigematsu, Sunao",Polygala senega L.,
identified,883400696,urn:catalog:ALTA-VP:122751,2009-04,,,Canada,CA,1963-07-17,,Salicaceae,"Cardinal-McTeague, Warren",University of Alberta Museums,ALTA-VP,122751,"Shigematsu, Sunao",Salix barrattiana Hook.,
identified,883402948,urn:catalog:ALTA-VP:122349,2009-04,,,Canada,CA,1979-07-06,,Polemoniaceae,"Cardinal-McTeague, Warren",University of Alberta Museums,ALTA-VP,122349,"Shigematsu, Sunao",Polemonium acutiflorum Willd. ex Roem. & Schult.,
identified,883403017,urn:catalog:ALTA-VP:122780,2009-04,,,Canada,CA,1954-06-18,,Fabaceae,"Cardinal-McTeague, Warren",University of Alberta Museums,ALTA-VP,122780,"Shigematsu, Sunao",Vicia cracca L.,
identified,883400946,urn:catalog:ALTA-VP:122338,2009-04,,,Canada,CA,1962-07-25,,Apiaceae,"Cardinal-McTeague, Warren",University of Alberta Museums,ALTA-VP,122338,"Shigematsu, Sunao",Osmorhiza purpurea (J. M. Coult. & Rose) Suksd.,
identified,883399059,urn:catalog:ALTA-VP:122506,2009-04,49.0503,-113.8695,Canada,CA,1952-05-24,,Rhamnaceae,"Cardinal-McTeague, Warren",University of Alberta Museums,ALTA-VP,122506,"Shigematsu, Sunao",Rhamnus alnifolia L'Hér.,
recorded,1306621531,urn:catalog:ALTA-VP:135887,,53.271883,-114.543433,Canada,CA,2009-08-25,,Asteraceae,,University of Alberta Museums,ALTA-VP,135887,"Cardinal-McTeague, Warren",Aster ciliolatus Lindl.,
recorded,1306621525,urn:catalog:ALTA-VP:135870,,53.271883,-114.543433,Canada,CA,2009-08-25,,Rosaceae,,University of Alberta Museums,ALTA-VP,135870,"Cardinal-McTeague, Warren",Rubus pubescens Raf.,
recorded,1306621517,urn:catalog:ALTA-VP:135879,,53.271883,-114.543433,Canada,CA,2009-08-26,,Woodsiaceae,,University of Alberta Museums,ALTA-VP,135879,"Cardinal-McTeague, Warren",Gymnocarpium dryopteris (L.) Newm.,
recorded,1306621548,urn:catalog:ALTA-VP:135886,,53.26845,-114.537417,Canada,CA,2009-08-24,,Araceae,,University of Alberta Museums,ALTA-VP,135886,"Cardinal-McTeague, Warren",Calla palustris L.,
recorded,1306621504,urn:catalog:ALTA-VP:135872,,55.096567,-113.260383,Canada,CA,2009-08-20,,Celastraceae,,University of Alberta Museums,ALTA-VP,135872,"Cardinal-McTeague, Warren",Parnassia palustris L.,
recorded,1306621520,urn:catalog:ALTA-VP:135869,,55.94065,-112.951783,Canada,CA,2009-08-18,,Asteraceae,,University of Alberta Museums,ALTA-VP,135869,"Cardinal-McTeague, Warren",Solidago canadensis L.,
recorded,1306621556,urn:catalog:ALTA-VP:135873,,53.271883,-114.543433,Canada,CA,2009-08-26,,Saxifragaceae,,University of Alberta Museums,ALTA-VP,135873,"Cardinal-McTeague, Warren",Mitella nuda L.,
recorded,1306621527,urn:catalog:ALTA-VP:135874,,55.09665,-113.25165,Canada,CA,2009-08-21,,Juncaceae,,University of Alberta Museums,ALTA-VP,135874,"Cardinal-McTeague, Warren",Luzula parviflora (Ehrh.) Desv.,
recorded,1306621506,urn:catalog:ALTA-VP:135880,,55.09665,-113.25165,Canada,CA,2009-08-21,,Ericaceae,,University of Alberta Museums,ALTA-VP,135880,"Cardinal-McTeague, Warren",Ledum groenlandicum Oeder,
recorded,1306621557,urn:catalog:ALTA-VP:135867,,55.096567,-113.260383,Canada,CA,2009-08-20,,Juncaginaceae,,University of Alberta Museums,ALTA-VP,135867,"Cardinal-McTeague, Warren",Triglochin maritima L.,
recorded,1306621535,urn:catalog:ALTA-VP:135876,,53.271883,-114.543433,Canada,CA,2009-08-25,,Rosaceae,,University of Alberta Museums,ALTA-VP,135876,"Cardinal-McTeague, Warren",Rosa acicularis Lindl.,
recorded,1306621514,urn:catalog:ALTA-VP:135877,,55.096567,-113.260383,Canada,CA,2009-08-20,,Cornaceae,,University of Alberta Museums,ALTA-VP,135877,"Cardinal-McTeague, Warren",Cornus canadensis L.,
recorded,1306621536,urn:catalog:ALTA-VP:135871,,53.271883,-114.543433,Canada,CA,2009-08-25,,Ericaceae,,University of Alberta Museums,ALTA-VP,135871,"Cardinal-McTeague, Warren",Pyrola asarifolia Michx.,
recorded,1306621530,urn:catalog:ALTA-VP:135885,,53.271883,-114.543433,Canada,CA,2009-08-26,,Cyperaceae,,University of Alberta Museums,ALTA-VP,135885,"Cardinal-McTeague, Warren",Carex disperma Dewey,
recorded,1306621486,urn:catalog:ALTA-VP:135866,,53.271883,-114.543433,Canada,CA,2009-08-25,,Violaceae,,University of Alberta Museums,ALTA-VP,135866,"Cardinal-McTeague, Warren",Viola renifolia A. Gray,
recorded,1306621537,urn:catalog:ALTA-VP:135875,,55.096567,-113.260383,Canada,CA,2009-08-20,,Pinaceae,,University of Alberta Museums,ALTA-VP,135875,"Cardinal-McTeague, Warren",Larix laricina (Du Roi) K. Koch,
recorded,1306621516,urn:catalog:ALTA-VP:135884,,55.096567,-113.260383,Canada,CA,2009-08-20,,Orobanchaceae,,University of Alberta Museums,ALTA-VP,135884,"Cardinal-McTeague, Warren",Castilleja miniata Douglas ex Hook.,
recorded,1306621552,urn:catalog:ALTA-VP:135878,,53.26845,-114.537417,Canada,CA,2009-08-24,,Equisetaceae,,University of Alberta Museums,ALTA-VP,135878,"Cardinal-McTeague, Warren",Equisetum fluviatile L.,
recorded,1306621544,urn:catalog:ALTA-VP:135868,,53.268067,-114.5454,Canada,CA,2009-08-26,,Araceae,,University of Alberta Museums,ALTA-VP,135868,"Cardinal-McTeague, Warren",Spirodela polyrhiza (L.) Schleid.,
recorded,1306621509,urn:catalog:ALTA-VP:135882,,53.26845,-114.537417,Canada,CA,2009-08-24,,Apiaceae,,University of Alberta Museums,ALTA-VP,135882,"Cardinal-McTeague, Warren",Cicuta bulbifera L.,
recorded,1306621545,urn:catalog:ALTA-VP:135881,,55.09665,-113.25165,Canada,CA,2009-08-21,,Droseraceae,,University of Alberta Museums,ALTA-VP,135881,"Cardinal-McTeague, Warren",Drosera rotundifolia L.,
recorded,1306621560,urn:catalog:ALTA-VP:135883,,55.096717,-113.25325,Canada,CA,2009-08-21,,Amaranthaceae,,University of Alberta Museums,ALTA-VP,135883,"Cardinal-McTeague, Warren",Chenopodium capitatum (L.) Ambrosi,
identified,883399063,urn:catalog:ALTA-VP:122582,2009-04,,,Canada,CA,1946-05-24,,Sapindaceae,"Cardinal-McTeague, Warren",University of Alberta Museums,ALTA-VP,122582,"Shigematsu, Sunao",Acer glabrum Torr.,
identified,883400774,urn:catalog:ALTA-VP:122765,2009-04,,,Canada,CA,1942-08-28,,Asteraceae,"Cardinal-McTeague, Warren",University of Alberta Museums,ALTA-VP,122765,"Shigematsu, Sunao",Sonchus arvensis L.,
identified,883399057,urn:catalog:ALTA-VP:122481,2009-04,,,Canada,CA,1943-06-26,,Onagraceae,"Cardinal-McTeague, Warren",University of Alberta Museums,ALTA-VP,122481,"Shigematsu, Sunao",Oenothera primiveris A. Gray,
identified,883399257,urn:catalog:ALTA-VP:122505,2009-04,,,Canada,CA,1943-08-18,,Asteraceae,"Cardinal-McTeague, Warren",University of Alberta Museums,ALTA-VP,122505,"Shigematsu, Sunao",Ratibida columnifera (Nutt.) Wooton & Standl.,
